guid,image_url,record_uri
0011AF63-9F91-4C04-BFC4-6DDB547E7E5C,images/0011AF63-9F91-4C04-BFC4-6DDB547E7E5C.jpg,
002E1C36-C02D-4B85-A901-74F20A2439EA,images/002E1C36-C02D-4B85-A901-74F20A2439EA.jpg,
004FCAD4-85C8-4F1C-A77C-92C00F8DCC73,images/004FCAD4-85C8-4F1C-A77C-92C00F8DCC73.jpg,
0073D9F3-04B4-4332-B2C8-2E2C25687299,images/0073D9F3-04B4-4332-B2C8-2E2C25687299.jpg,
00913CE6-1887-48B8-A097-990E2AF45E97,images/00913CE6-1887-48B8-A097-990E2AF45E97.jpg,
0092D2EA-FFD7-420A-9907-571415FB4457,images/0092D2EA-FFD7-420A-9907-571415FB4457.jpg,
010A97C5-4902-45AE-8F03-7BCC8AEB5221,images/010A97C5-4902-45AE-8F03-7BCC8AEB5221.jpg,
010F0D0C-1B0F-4188-8836-01DCFDD3878B,images/010F0D0C-1B0F-4188-8836-01DCFDD3878B.jpg,
0124613B-7CEE-4229-ACC8-00E0ABA3874D,images/0124613B-7CEE-4229-ACC8-00E0ABA3874D.jpg,
01317670-3FBB-4BA6-87D5-8BE7E0457423,images/01317670-3FBB-4BA6-87D5-8BE7E0457423.jpg,
016A32BC-43C4-433C-AFE3-56509AE40333,images/016A32BC-43C4-433C-AFE3-56509AE40333.jpg,
016D6CFD-6EC6-4CBA-BF50-3232A8EB46A9,images/016D6CFD-6EC6-4CBA-BF50-3232A8EB46A9.jpg,
0183ABA7-7E93-4023-A0BC-5E7A858F8D2F,images/0183ABA7-7E93-4023-A0BC-5E7A858F8D2F.jpg,
01AD38A1-AF9D-47BB-A75F-62CA11114D25,images/01AD38A1-AF9D-47BB-A75F-62CA11114D25.jpg,
01C4E659-0F94-46C9-8445-F7C24167F1DC,images/01C4E659-0F94-46C9-8445-F7C24167F1DC.jpg,
021CAF5B-D2BF-4066-8286-91957BA4C112,images/021CAF5B-D2BF-4066-8286-91957BA4C112.jpg,
022FE912-3F17-464C-80E5-1D87D3555327,images/022FE912-3F17-464C-80E5-1D87D3555327.jpg,
026DC620-2F4F-4D5F-9DB4-E55DCD136B40,images/026DC620-2F4F-4D5F-9DB4-E55DCD136B40.jpg,
02786250-DBD7-4C43-8DC9-6AD0177563C8,images/02786250-DBD7-4C43-8DC9-6AD0177563C8.jpg,
02856E0A-637C-4DA6-B3AA-F8EDA566CCE6,images/02856E0A-637C-4DA6-B3AA-F8EDA566CCE6.jpg,
02C5939D-9D15-4E94-A8E5-DB08B6D31AB4,images/02C5939D-9D15-4E94-A8E5-DB08B6D31AB4.jpg,
03627D26-0E3C-4E29-9711-6178C4A09025,images/03627D26-0E3C-4E29-9711-6178C4A09025.jpg,
036CBE10-943A-4142-8D06-7872ED7A0B47,images/036CBE10-943A-4142-8D06-7872ED7A0B47.jpg,
03C149E7-B869-41D1-A5BD-D707461FF65C,images/03C149E7-B869-41D1-A5BD-D707461FF65C.jpg,
03C6EFB8-6F83-44F3-A4BF-8CCCEE66AD6A,images/03C6EFB8-6F83-44F3-A4BF-8CCCEE66AD6A.jpg,
03DAB33A-530C-4101-B443-2A546A19EF09,images/03DAB33A-530C-4101-B443-2A546A19EF09.jpg,
03DC6CE2-493B-457F-BAED-0FC357000876,images/03DC6CE2-493B-457F-BAED-0FC357000876.jpg,
03FB829F-A238-435A-9006-A3B6FDEA00D1,images/03FB829F-A238-435A-9006-A3B6FDEA00D1.jpg,
0404D302-83F7-48CA-9D65-7B9AF5396724,images/0404D302-83F7-48CA-9D65-7B9AF5396724.jpg,
0423B602-4167-4882-8B0B-EBC1608EC1D8,images/0423B602-4167-4882-8B0B-EBC1608EC1D8.jpg,
0435514C-50C7-4839-B477-CCA559053D8B,images/0435514C-50C7-4839-B477-CCA559053D8B.jpg,
04DB54CF-2092-4AC6-A23F-2DB421BD6D35,images/04DB54CF-2092-4AC6-A23F-2DB421BD6D35.jpg,
055F5C5A-829E-43F3-A69A-3B6C7DA403AA,images/055F5C5A-829E-43F3-A69A-3B6C7DA403AA.jpg,
05C65E7F-093A-4F61-9692-73E80687BAD4,images/05C65E7F-093A-4F61-9692-73E80687BAD4.jpg,
062B7DC3-338B-4C35-8F17-F89AB29D2352,images/062B7DC3-338B-4C35-8F17-F89AB29D2352.jpg,
06579322-1512-407D-A399-B2D51377A612,images/06579322-1512-407D-A399-B2D51377A612.jpg,
065F0317-DE00-4B32-9744-E3D8872EE2D1,images/065F0317-DE00-4B32-9744-E3D8872EE2D1.jpg,
0662A9DA-BD81-4815-AFF5-128A86758F7A,images/0662A9DA-BD81-4815-AFF5-128A86758F7A.jpg,
066F6024-289E-4356-AE3E-FB3C7569D4A7,images/066F6024-289E-4356-AE3E-FB3C7569D4A7.jpg,
0685BBF3-D8BC-4228-AF9D-07A4CA14B7CE,images/0685BBF3-D8BC-4228-AF9D-07A4CA14B7CE.jpg,
06FF9D73-2E55-47A2-A0DF-2F3618AD72B3,images/06FF9D73-2E55-47A2-A0DF-2F3618AD72B3.jpg,
0701985C-BFD2-4FC9-9D71-4AE3AA4694CE,images/0701985C-BFD2-4FC9-9D71-4AE3AA4694CE.jpg,
0778BF6B-63E3-493E-96BD-DC37D777E8DA,images/0778BF6B-63E3-493E-96BD-DC37D777E8DA.jpg,
077A2B81-245B-433F-96A5-B3C17F315D33,images/077A2B81-245B-433F-96A5-B3C17F315D33.jpg,
07A0C195-519B-4EDF-96CA-ABD14D8CA69F,images/07A0C195-519B-4EDF-96CA-ABD14D8CA69F.jpg,
07FE28BE-4866-4BFC-B52C-7A8696BDEAB2,images/07FE28BE-4866-4BFC-B52C-7A8696BDEAB2.jpg,
080B38EE-769B-4DD4-85B8-E23BF0071BA3,images/080B38EE-769B-4DD4-85B8-E23BF0071BA3.jpg,
086383C7-4751-4A1A-B6C0-3897F677FE38,images/086383C7-4751-4A1A-B6C0-3897F677FE38.jpg,
0866DED7-EAC2-43C0-9626-5656AC7B0439,images/0866DED7-EAC2-43C0-9626-5656AC7B0439.jpg,
0870A907-1F46-4D04-BA94-530634D95533,images/0870A907-1F46-4D04-BA94-530634D95533.jpg,
08B702B1-B302-4302-9D76-C555E8EFCFF6,images/08B702B1-B302-4302-9D76-C555E8EFCFF6.jpg,
08BE6234-4CD4-49F7-BEC2-7BE6F3E32F92,images/08BE6234-4CD4-49F7-BEC2-7BE6F3E32F92.jpg,
08E09945-64C8-4B33-B116-191E6C420F29,images/08E09945-64C8-4B33-B116-191E6C420F29.jpg,
090A164A-AE5D-4B0F-94E4-DAE9D5DDEEC8,images/090A164A-AE5D-4B0F-94E4-DAE9D5DDEEC8.jpg,
09457A37-D2A1-4A6A-AB0C-D3C9173A51C4,images/09457A37-D2A1-4A6A-AB0C-D3C9173A51C4.jpg,
09AFA656-B71F-4804-A238-E8DF884587EA,images/09AFA656-B71F-4804-A238-E8DF884587EA.jpg,
0B25A273-C017-4667-9907-EAF767F717EA,images/0B25A273-C017-4667-9907-EAF767F717EA.jpg,
0B5335CF-3393-4A3D-BE59-28A7751312C2,images/0B5335CF-3393-4A3D-BE59-28A7751312C2.jpg,
0B575485-6205-4671-B8A0-75518B497CFA,images/0B575485-6205-4671-B8A0-75518B497CFA.jpg,
0B650990-2CF8-4FED-8AF6-48FD7823FCF5,images/0B650990-2CF8-4FED-8AF6-48FD7823FCF5.jpg,
0B6C0A15-818E-4D1C-88A8-A6B1CF969DA1,images/0B6C0A15-818E-4D1C-88A8-A6B1CF969DA1.jpg,
0B796838-E826-44E5-B052-C18F46861D7C,images/0B796838-E826-44E5-B052-C18F46861D7C.jpg,
0B9499EB-6182-49C9-8D4C-D02CD0C04167,images/0B9499EB-6182-49C9-8D4C-D02CD0C04167.jpg,
0BC5F7F5-852B-4AB1-8CB8-5CD09C495395,images/0BC5F7F5-852B-4AB1-8CB8-5CD09C495395.jpg,
0C159808-4AAA-4E72-B5CD-54AEE02B27F8,images/0C159808-4AAA-4E72-B5CD-54AEE02B27F8.jpg,
0C2ED228-288A-44DF-AFDE-E318DE053730,images/0C2ED228-288A-44DF-AFDE-E318DE053730.jpg,
0C47B480-CA0D-4F15-83E7-CB684F8E6535,images/0C47B480-CA0D-4F15-83E7-CB684F8E6535.jpg,
0C5348EC-C0F3-4BD4-8566-074721AFE10A,images/0C5348EC-C0F3-4BD4-8566-074721AFE10A.jpg,
0C7A0473-C627-4189-A673-03C86DB9C1A1,images/0C7A0473-C627-4189-A673-03C86DB9C1A1.jpg,
0C7DEC5D-C781-4639-87CD-0DBB097A41D4,images/0C7DEC5D-C781-4639-87CD-0DBB097A41D4.jpg,
0C835A6A-50BC-403F-B7BE-75C7253B1903,images/0C835A6A-50BC-403F-B7BE-75C7253B1903.jpg,
0CEB1A03-6FD6-47B7-925B-0F85754CB75B,images/0CEB1A03-6FD6-47B7-925B-0F85754CB75B.jpg,
0D0A31B2-6AB4-4E08-96B6-ED502B29FC2F,images/0D0A31B2-6AB4-4E08-96B6-ED502B29FC2F.jpg,
0D121948-A43D-4A1E-B2E0-FC0DE391152A,images/0D121948-A43D-4A1E-B2E0-FC0DE391152A.jpg,
0D2E2B06-22F9-468B-BF40-C5ACF237464F,images/0D2E2B06-22F9-468B-BF40-C5ACF237464F.jpg,
0D3B6593-B3DD-49C1-BC45-C31FF43439A4,images/0D3B6593-B3DD-49C1-BC45-C31FF43439A4.jpg,
0D5B9ED3-2E09-49CE-8CD6-D709CCD255C5,images/0D5B9ED3-2E09-49CE-8CD6-D709CCD255C5.jpg,
0DC836F0-D848-4078-A608-CF7737CD1313,images/0DC836F0-D848-4078-A608-CF7737CD1313.jpg,
0DD5A3FB-9402-40D8-86F8-F7972447BE3A,images/0DD5A3FB-9402-40D8-86F8-F7972447BE3A.jpg,
0E3C0504-D4D2-4AAB-A978-260949F8367C,images/0E3C0504-D4D2-4AAB-A978-260949F8367C.jpg,
0ED2CDF1-7DB4-406E-8CDC-3580317C92EF,images/0ED2CDF1-7DB4-406E-8CDC-3580317C92EF.jpg,
0EE9BBD3-00B0-4630-AD2D-63D180C3997B,images/0EE9BBD3-00B0-4630-AD2D-63D180C3997B.jpg,
0F1531BF-E41F-4C09-A976-A09B5FF9E4A3,images/0F1531BF-E41F-4C09-A976-A09B5FF9E4A3.jpg,
0F1EFFAB-A6CD-48F7-ADA7-299F6D2503D7,images/0F1EFFAB-A6CD-48F7-ADA7-299F6D2503D7.jpg,
0F2089AD-DECB-40D2-B812-98DCF37E1004,images/0F2089AD-DECB-40D2-B812-98DCF37E1004.jpg,
0F28D7CE-FC4B-43D5-AE70-79DC864A30E6,images/0F28D7CE-FC4B-43D5-AE70-79DC864A30E6.jpg,
0F3D1BEB-9C6E-45EC-94C0-CDA6C68E46BD,images/0F3D1BEB-9C6E-45EC-94C0-CDA6C68E46BD.jpg,
0FB22792-59DF-40F8-BC98-CF862A37B813,images/0FB22792-59DF-40F8-BC98-CF862A37B813.jpg,
113CD9D5-C9C8-426D-921C-4F572A33D58B,images/113CD9D5-C9C8-426D-921C-4F572A33D58B.jpg,
11454F77-1281-454C-9FBB-05A6C0934206,images/11454F77-1281-454C-9FBB-05A6C0934206.jpg,
1153DC27-12D2-4BDF-8ED6-E8DA384D25BE,images/1153DC27-12D2-4BDF-8ED6-E8DA384D25BE.jpg,
11804C1F-4274-4608-A4C1-3C490E0CAAB0,images/11804C1F-4274-4608-A4C1-3C490E0CAAB0.jpg,
11849776-EA16-4C38-8134-B337015EF940,images/11849776-EA16-4C38-8134-B337015EF940.jpg,
11B4D46F-9B87-4BEE-9230-B0F4D98424D4,images/11B4D46F-9B87-4BEE-9230-B0F4D98424D4.jpg,
11BC08F8-F2AE-4600-BE49-CC372D5F453A,images/11BC08F8-F2AE-4600-BE49-CC372D5F453A.jpg,
11C5188C-D031-4927-BEAA-A2EE478E434D,images/11C5188C-D031-4927-BEAA-A2EE478E434D.jpg,
11FAAF30-53D2-4D1F-BD58-21AB0DFC48F6,images/11FAAF30-53D2-4D1F-BD58-21AB0DFC48F6.jpg,
12025283-68D4-4E53-AE11-A975DA161372,images/12025283-68D4-4E53-AE11-A975DA161372.jpg,
121F13A1-C863-4B60-94B2-D59363A950B1,images/121F13A1-C863-4B60-94B2-D59363A950B1.jpg,
123553C4-B7F4-4DA7-BFE8-06556409DE05,images/123553C4-B7F4-4DA7-BFE8-06556409DE05.jpg,
126E154E-2E9D-46BB-949A-942F2FC67502,images/126E154E-2E9D-46BB-949A-942F2FC67502.jpg,
127C690D-69D1-453F-8918-02A0E6F7964E,images/127C690D-69D1-453F-8918-02A0E6F7964E.jpg,
128F68CC-C7A5-4EC6-94CC-90E78583204B,images/128F68CC-C7A5-4EC6-94CC-90E78583204B.jpg,
129C844F-B5EA-4187-82A7-04B7649C2F7D,images/129C844F-B5EA-4187-82A7-04B7649C2F7D.jpg,
12DB3FE1-AB53-4E23-807A-AA31318EEAB5,images/12DB3FE1-AB53-4E23-807A-AA31318EEAB5.jpg,
136168BE-AD81-4894-90A9-3C1BDBBEDA13,images/136168BE-AD81-4894-90A9-3C1BDBBEDA13.jpg,
13665D0F-78C1-4485-B991-22F349FF2994,images/13665D0F-78C1-4485-B991-22F349FF2994.jpg,
13B08EDD-37B5-476B-8ED4-728E8184EF68,images/13B08EDD-37B5-476B-8ED4-728E8184EF68.jpg,
13BC1FD9-CDF5-4DE1-BE40-7961ED4A64A7,images/13BC1FD9-CDF5-4DE1-BE40-7961ED4A64A7.jpg,
13C857BA-FD12-4124-9A6A-FA4BA50F415E,images/13C857BA-FD12-4124-9A6A-FA4BA50F415E.jpg,
13F16B3F-0466-4BFD-A8AB-12CD6188F65D,images/13F16B3F-0466-4BFD-A8AB-12CD6188F65D.jpg,
14464E31-384A-4236-995D-62D004D6A19B,images/14464E31-384A-4236-995D-62D004D6A19B.jpg,
14550FD7-38A9-41E9-9B1C-C6A5838EA246,images/14550FD7-38A9-41E9-9B1C-C6A5838EA246.jpg,
14708D7B-FC47-4282-B40D-F5658E1617AA,images/14708D7B-FC47-4282-B40D-F5658E1617AA.jpg,
147FD26F-ABCB-4E6F-B5E9-B07D975AADFC,images/147FD26F-ABCB-4E6F-B5E9-B07D975AADFC.jpg,
149BD73C-1023-4C99-AECE-4895D2FF60DC,images/149BD73C-1023-4C99-AECE-4895D2FF60DC.jpg,
155ECB17-64A1-4F83-9F93-199FB90E4BB2,images/155ECB17-64A1-4F83-9F93-199FB90E4BB2.jpg,
157018C2-FDAC-4C70-83EA-E0D8C1259334,images/157018C2-FDAC-4C70-83EA-E0D8C1259334.jpg,
15C420AF-6242-4831-BE7C-7C01917B6747,images/15C420AF-6242-4831-BE7C-7C01917B6747.jpg,
15ED1913-2049-4D67-A96B-E6E12B70D116,images/15ED1913-2049-4D67-A96B-E6E12B70D116.jpg,
1628C582-4FD9-4129-A160-D478B3782BCE,images/1628C582-4FD9-4129-A160-D478B3782BCE.jpg,
16C08A1D-8E96-4D7A-A85D-BCFE8B61EC7B,images/16C08A1D-8E96-4D7A-A85D-BCFE8B61EC7B.jpg,
16CB86C4-37C4-418E-A9D7-53A5B57F1319,images/16CB86C4-37C4-418E-A9D7-53A5B57F1319.jpg,
170AF04E-084F-4F61-B0BF-C1445795B3C2,images/170AF04E-084F-4F61-B0BF-C1445795B3C2.jpg,
17406E78-237B-4F0C-95E0-EFED04C15D63,images/17406E78-237B-4F0C-95E0-EFED04C15D63.jpg,
176E0887-130D-45D2-9B24-DDA8377A1A76,images/176E0887-130D-45D2-9B24-DDA8377A1A76.jpg,
177372ED-150E-45C3-8A4B-4BE19AB6E8CE,images/177372ED-150E-45C3-8A4B-4BE19AB6E8CE.jpg,
1807463B-8AA9-415D-9F3A-E1EAE089EBB7,images/1807463B-8AA9-415D-9F3A-E1EAE089EBB7.jpg,
1849CEAD-CF3A-478A-B4AB-BDCE5AE2AE6F,images/1849CEAD-CF3A-478A-B4AB-BDCE5AE2AE6F.jpg,
185423E1-1A7B-433E-BBF7-938005A78E15,images/185423E1-1A7B-433E-BBF7-938005A78E15.jpg,
1870123D-C270-46B6-975D-047297155794,images/1870123D-C270-46B6-975D-047297155794.jpg,
189CBD6D-FA4D-41D9-A55B-946D465FA0AF,images/189CBD6D-FA4D-41D9-A55B-946D465FA0AF.jpg,
1942572A-1B05-4C58-899F-CE5BAFB9FF46,images/1942572A-1B05-4C58-899F-CE5BAFB9FF46.jpg,
194880A6-FB33-42FE-B022-B51157433EF8,images/194880A6-FB33-42FE-B022-B51157433EF8.jpg,
19B3DE07-4500-40B8-BC2A-E726D1701EF1,images/19B3DE07-4500-40B8-BC2A-E726D1701EF1.jpg,
19D0F055-D202-41BF-B8EF-40CE26748900,images/19D0F055-D202-41BF-B8EF-40CE26748900.jpg,
1A200169-1621-4B86-A523-B5DF9966FD78,images/1A200169-1621-4B86-A523-B5DF9966FD78.jpg,
1A5EC2C8-9D74-4614-B737-F8B6E966EFA6,images/1A5EC2C8-9D74-4614-B737-F8B6E966EFA6.jpg,
1AA3A477-2E6E-4D76-A32B-3869F47605A8,images/1AA3A477-2E6E-4D76-A32B-3869F47605A8.jpg,
1B187CE1-26BC-4AEE-9C4D-3F9546C9B781,images/1B187CE1-26BC-4AEE-9C4D-3F9546C9B781.jpg,
1B1B82A2-DA9E-4138-8C23-1392DEDF312A,images/1B1B82A2-DA9E-4138-8C23-1392DEDF312A.jpg,
1B286E35-6856-40C7-929B-630C6272E759,images/1B286E35-6856-40C7-929B-630C6272E759.jpg,
1B58964C-962D-4831-B657-FD0CF443F6E2,images/1B58964C-962D-4831-B657-FD0CF443F6E2.jpg,
1B911BE8-53B3-4859-A1E3-C8D9DAB988C3,images/1B911BE8-53B3-4859-A1E3-C8D9DAB988C3.jpg,
1B9F3EE0-3D7A-48A0-B85D-1B67BC3CFA9C,images/1B9F3EE0-3D7A-48A0-B85D-1B67BC3CFA9C.jpg,
1BA2F43A-41D4-46B7-9AF0-6FDE706C426C,images/1BA2F43A-41D4-46B7-9AF0-6FDE706C426C.jpg,
1C0F5C7A-B4C4-46C0-B95C-D51A15D6D5D5,images/1C0F5C7A-B4C4-46C0-B95C-D51A15D6D5D5.jpg,
1CBECF8C-742F-4B83-953E-853E6E3A44C2,images/1CBECF8C-742F-4B83-953E-853E6E3A44C2.jpg,
1CF344A0-DF06-49BA-8DCD-21B78AB51547,images/1CF344A0-DF06-49BA-8DCD-21B78AB51547.jpg,
1D186C2E-9DB0-42E5-8B8B-F16F86C55AFD,images/1D186C2E-9DB0-42E5-8B8B-F16F86C55AFD.jpg,
1D2DB95A-D74E-4668-A463-D6CF2795B6E8,images/1D2DB95A-D74E-4668-A463-D6CF2795B6E8.jpg,
1D583E22-C553-4CB5-AC90-888F7F1AF6AF,images/1D583E22-C553-4CB5-AC90-888F7F1AF6AF.jpg,
1D6F1684-1ABA-49A4-803D-39615BE7BAE8,images/1D6F1684-1ABA-49A4-803D-39615BE7BAE8.jpg,
1DA20BED-C58B-4236-BD24-2D2E74197AD5,images/1DA20BED-C58B-4236-BD24-2D2E74197AD5.jpg,
1DB535FD-969F-4AF0-B975-BF6FF7B2EEE5,images/1DB535FD-969F-4AF0-B975-BF6FF7B2EEE5.jpg,
1DC3B53B-D6A4-4BDC-B7AF-0D1ADB1D56E3,images/1DC3B53B-D6A4-4BDC-B7AF-0D1ADB1D56E3.jpg,
1DCE17C6-F4F3-4122-9770-CDEE0EF831E6,images/1DCE17C6-F4F3-4122-9770-CDEE0EF831E6.jpg,
1DDAE551-7D1E-491E-B8E8-773D733D36F0,images/1DDAE551-7D1E-491E-B8E8-773D733D36F0.jpg,
1E905471-227B-4931-8724-0201CFE0B1D4,images/1E905471-227B-4931-8724-0201CFE0B1D4.jpg,
1E9DA369-C826-4922-B2CE-AE2DF19A599E,images/1E9DA369-C826-4922-B2CE-AE2DF19A599E.jpg,
1ECB6FEA-E48D-4347-A15B-2EF63A838279,images/1ECB6FEA-E48D-4347-A15B-2EF63A838279.jpg,
1EFAC93B-EC40-4550-8ED3-7CCB8F28399F,images/1EFAC93B-EC40-4550-8ED3-7CCB8F28399F.jpg,
1F3A4B84-B676-4E7F-B0DB-AAC4F9A8C7E1,images/1F3A4B84-B676-4E7F-B0DB-AAC4F9A8C7E1.jpg,
1F8B6825-FF0A-488D-ABF8-AD62B7664C1D,images/1F8B6825-FF0A-488D-ABF8-AD62B7664C1D.jpg,
1FA282C5-60E4-4E1A-A4C2-C5C9A41CB06D,images/1FA282C5-60E4-4E1A-A4C2-C5C9A41CB06D.jpg,
1FA965B8-208D-4E06-86B2-B929CFDC3F3D,images/1FA965B8-208D-4E06-86B2-B929CFDC3F3D.jpg,
1FC40ED2-6447-4668-99BF-A4853B6AEE25,images/1FC40ED2-6447-4668-99BF-A4853B6AEE25.jpg,
1FE99B25-8FCF-4E28-92AD-288488F5268D,images/1FE99B25-8FCF-4E28-92AD-288488F5268D.jpg,
201A1D8B-1B04-493C-B4D9-66B07C4B3D17,images/201A1D8B-1B04-493C-B4D9-66B07C4B3D17.jpg,
20515F94-806C-4EE4-B903-D9EDA8B08881,images/20515F94-806C-4EE4-B903-D9EDA8B08881.jpg,
20825819-D70B-4D8E-909E-7834B1D5CC1E,images/20825819-D70B-4D8E-909E-7834B1D5CC1E.jpg,
20C6FF7C-77A4-40CC-B4F5-EAF4D09F7862,images/20C6FF7C-77A4-40CC-B4F5-EAF4D09F7862.jpg,
214AE0BC-72DE-41F8-B971-5714C0DE4B02,images/214AE0BC-72DE-41F8-B971-5714C0DE4B02.jpg,
219EA636-C3A5-4B53-A943-D12056761278,images/219EA636-C3A5-4B53-A943-D12056761278.jpg,
22422DBB-B100-4A1B-910A-D9437A1A637A,images/22422DBB-B100-4A1B-910A-D9437A1A637A.jpg,
225A1306-E47D-498F-80AB-3C46AF0290F6,images/225A1306-E47D-498F-80AB-3C46AF0290F6.jpg,
22657844-E03A-4E7B-A1E6-CC1E7C342EC5,images/22657844-E03A-4E7B-A1E6-CC1E7C342EC5.jpg,
22713104-C284-4DC3-888B-1372DC32D830,images/22713104-C284-4DC3-888B-1372DC32D830.jpg,
2283A929-B9BA-4036-87FF-DCAF3158C8BB,images/2283A929-B9BA-4036-87FF-DCAF3158C8BB.jpg,
22AFDBAB-E489-4D1E-8B5B-20E1F19591B9,images/22AFDBAB-E489-4D1E-8B5B-20E1F19591B9.jpg,
22C247EE-3F92-40A0-8481-E613F6424A8A,images/22C247EE-3F92-40A0-8481-E613F6424A8A.jpg,
2332A080-AAED-42B7-8D93-7FB204EFAE86,images/2332A080-AAED-42B7-8D93-7FB204EFAE86.jpg,
23A3CA97-7C0E-43FA-8BA7-73ED9A385DFB,images/23A3CA97-7C0E-43FA-8BA7-73ED9A385DFB.jpg,
23E3D8A9-757A-462F-8D34-77F80BF0BDB6,images/23E3D8A9-757A-462F-8D34-77F80BF0BDB6.jpg,
2435793D-CA14-4C22-8D9E-B224473A1A04,images/2435793D-CA14-4C22-8D9E-B224473A1A04.jpg,
24644BBA-FA48-4F7F-BEC3-A5B51BB25F21,images/24644BBA-FA48-4F7F-BEC3-A5B51BB25F21.jpg,
251E73F1-F1F0-458E-B0D9-71CEBBDADA5E,images/251E73F1-F1F0-458E-B0D9-71CEBBDADA5E.jpg,
2530FDB8-163D-4BDA-9604-7D8F74E64BC6,images/2530FDB8-163D-4BDA-9604-7D8F74E64BC6.jpg,
25381109-D113-4AAA-B944-A3E251AC72F2,images/25381109-D113-4AAA-B944-A3E251AC72F2.jpg,
254F6AFB-4131-4CEF-B41D-888ACD655988,images/254F6AFB-4131-4CEF-B41D-888ACD655988.jpg,
25A7D2C1-F7A3-42D1-8314-668E1ABB8355,images/25A7D2C1-F7A3-42D1-8314-668E1ABB8355.jpg,
268DD8D4-CABD-43A9-87A7-8DFBF52653E8,images/268DD8D4-CABD-43A9-87A7-8DFBF52653E8.jpg,
2695491C-C1E6-4333-8324-97A15915A7EB,images/2695491C-C1E6-4333-8324-97A15915A7EB.jpg,
26AFBDF6-B20D-4BFC-87C7-B3379E1509F5,images/26AFBDF6-B20D-4BFC-87C7-B3379E1509F5.jpg,
2762A5B0-2CD8-4208-B37D-7AC8BBC69D15,images/2762A5B0-2CD8-4208-B37D-7AC8BBC69D15.jpg,
276B19F4-E73C-4B11-8CA9-1624E8E90265,images/276B19F4-E73C-4B11-8CA9-1624E8E90265.jpg,
284C3D6B-A29C-45DD-8E59-32F2AC109068,images/284C3D6B-A29C-45DD-8E59-32F2AC109068.jpg,
2856E398-FFB9-4650-B65E-6153626DF1AF,images/2856E398-FFB9-4650-B65E-6153626DF1AF.jpg,
2903B135-F195-4890-8AC0-764E0819862F,images/2903B135-F195-4890-8AC0-764E0819862F.jpg,
2959BDFA-FC0C-49D9-9F56-51B563CC528D,images/2959BDFA-FC0C-49D9-9F56-51B563CC528D.jpg,
2960963D-A244-4FFD-B598-5882AA44F763,images/2960963D-A244-4FFD-B598-5882AA44F763.jpg,
298AEAE3-BD08-4FA3-8E8B-C39016988B44,images/298AEAE3-BD08-4FA3-8E8B-C39016988B44.jpg,
2991DAB1-EE33-434A-ABB8-08D9F408D72F,images/2991DAB1-EE33-434A-ABB8-08D9F408D72F.jpg,
29B38F89-F3B2-4538-9079-34BDFB7AF656,images/29B38F89-F3B2-4538-9079-34BDFB7AF656.jpg,
29E3DEB2-26F1-4958-893B-92AE099741FC,images/29E3DEB2-26F1-4958-893B-92AE099741FC.jpg,
29EA5E3D-FC93-41AA-942A-6B39B6529786,images/29EA5E3D-FC93-41AA-942A-6B39B6529786.jpg,
2A433221-0254-4E39-BC26-1C888FAAFCA4,images/2A433221-0254-4E39-BC26-1C888FAAFCA4.jpg,
2A92CBC5-5C26-4E53-8FF5-3D6D71A56C5E,images/2A92CBC5-5C26-4E53-8FF5-3D6D71A56C5E.jpg,
2AEA4421-78C0-4790-AF08-2D6CC2FEB7A2,images/2AEA4421-78C0-4790-AF08-2D6CC2FEB7A2.jpg,
2AF20F7F-7919-4F9C-B533-2B4EFCB6EB47,images/2AF20F7F-7919-4F9C-B533-2B4EFCB6EB47.jpg,
2B33795C-B0F3-4590-90CF-A75084A0EC82,images/2B33795C-B0F3-4590-90CF-A75084A0EC82.jpg,
2B5809CA-2D69-4A5C-A87F-2D61DED37F15,images/2B5809CA-2D69-4A5C-A87F-2D61DED37F15.jpg,
2B775BBE-9FCA-4B26-BB81-2B67EFA0E062,images/2B775BBE-9FCA-4B26-BB81-2B67EFA0E062.jpg,
2B97FD54-945C-4549-B67B-3F97B8D0819F,images/2B97FD54-945C-4549-B67B-3F97B8D0819F.jpg,
2BB74DBC-50AE-4969-8A7A-075BA75E056A,images/2BB74DBC-50AE-4969-8A7A-075BA75E056A.jpg,
2BD7A012-89CF-40FC-A317-961AD66CD84E,images/2BD7A012-89CF-40FC-A317-961AD66CD84E.jpg,
2BE11FFD-1283-4569-B779-BD5E245B6B18,images/2BE11FFD-1283-4569-B779-BD5E245B6B18.jpg,
2C1F86AC-ECE7-4ECC-835C-10C1EC7B9594,images/2C1F86AC-ECE7-4ECC-835C-10C1EC7B9594.jpg,
2CABD007-427E-47AA-87F4-A0FB7E695E9D,images/2CABD007-427E-47AA-87F4-A0FB7E695E9D.jpg,
2D1681B1-EDB9-41BD-BD7D-AA547F4E5C7E,images/2D1681B1-EDB9-41BD-BD7D-AA547F4E5C7E.jpg,
2D301D77-1336-4121-B4F4-7005E0724998,images/2D301D77-1336-4121-B4F4-7005E0724998.jpg,
2D48321B-6F9A-42A1-8B90-6F9C93A53EBE,images/2D48321B-6F9A-42A1-8B90-6F9C93A53EBE.jpg,
2D9A56F2-45A8-4772-BED0-59EB95C7A8B3,images/2D9A56F2-45A8-4772-BED0-59EB95C7A8B3.jpg,
2DAEE128-FE41-4BE5-B21A-3C558BD52889,images/2DAEE128-FE41-4BE5-B21A-3C558BD52889.jpg,
2DD0082A-6203-4BC6-8E92-A5610788B7FE,images/2DD0082A-6203-4BC6-8E92-A5610788B7FE.jpg,
2DEBBFE4-2C07-4A65-B703-14C555A0F086,images/2DEBBFE4-2C07-4A65-B703-14C555A0F086.jpg,
2EBB6650-E388-460D-B3B7-63303FD83890,images/2EBB6650-E388-460D-B3B7-63303FD83890.jpg,
2EBDA43D-2BB3-419D-83D2-7CF34C98BA9F,images/2EBDA43D-2BB3-419D-83D2-7CF34C98BA9F.jpg,
2ECDD3F0-B89C-4B63-8A46-A469A93AFF2E,images/2ECDD3F0-B89C-4B63-8A46-A469A93AFF2E.jpg,
2F4FD164-9D5C-4FDC-9B25-2F00D9D6813C,images/2F4FD164-9D5C-4FDC-9B25-2F00D9D6813C.jpg,
2F6CE310-B1B5-45AD-97DB-596C3AFA866B,images/2F6CE310-B1B5-45AD-97DB-596C3AFA866B.jpg,
2FFFFA81-C863-4347-978E-5E1CAF38DD98,images/2FFFFA81-C863-4347-978E-5E1CAF38DD98.jpg,
30044D82-6FC7-424C-947F-41EF205DC245,images/30044D82-6FC7-424C-947F-41EF205DC245.jpg,
3035A371-F0B5-44DE-B6D9-4C410AD8B5F2,images/3035A371-F0B5-44DE-B6D9-4C410AD8B5F2.jpg,
307D196D-5807-4CA1-9A11-413D20CB1D1F,images/307D196D-5807-4CA1-9A11-413D20CB1D1F.jpg,
30C8B4E1-7D3A-4000-943B-13D76C11E2ED,images/30C8B4E1-7D3A-4000-943B-13D76C11E2ED.jpg,
31907670-6860-41EC-84BD-9CD841E40704,images/31907670-6860-41EC-84BD-9CD841E40704.jpg,
31A455D2-70CA-41AD-9BB5-DEA312404452,images/31A455D2-70CA-41AD-9BB5-DEA312404452.jpg,
31F3645C-0ED7-4693-A66F-CD2EE265B476,images/31F3645C-0ED7-4693-A66F-CD2EE265B476.jpg,
32146F06-6604-4E67-86C7-7BC7900DCFCC,images/32146F06-6604-4E67-86C7-7BC7900DCFCC.jpg,
32464D49-7408-4C90-AE6C-D0A647D45DE4,images/32464D49-7408-4C90-AE6C-D0A647D45DE4.jpg,
325130EE-7E5F-470D-9A00-3783F1D1481D,images/325130EE-7E5F-470D-9A00-3783F1D1481D.jpg,
3258143C-9DD6-4449-BCA0-EA74DBE0C037,images/3258143C-9DD6-4449-BCA0-EA74DBE0C037.jpg,
33189848-D447-4D89-85A9-6E4848A7D72F,images/33189848-D447-4D89-85A9-6E4848A7D72F.jpg,
33429A25-EE33-4D9D-B2D6-3E3242A48F26,images/33429A25-EE33-4D9D-B2D6-3E3242A48F26.jpg,
334E679E-7866-4C1E-8C08-879412E6E04D,images/334E679E-7866-4C1E-8C08-879412E6E04D.jpg,
33517E14-1BD1-4712-9BE3-F6DF4204FDE1,images/33517E14-1BD1-4712-9BE3-F6DF4204FDE1.jpg,
338E1673-C43E-4E06-8F76-238CC2572E00,images/338E1673-C43E-4E06-8F76-238CC2572E00.jpg,
33B39E1A-C81F-4742-91BE-69638FAF5BF6,images/33B39E1A-C81F-4742-91BE-69638FAF5BF6.jpg,
33CE350E-E7AA-41FD-A870-7F762A0645B2,images/33CE350E-E7AA-41FD-A870-7F762A0645B2.jpg,
34578667-FB1C-4F94-84E7-16EAA47424F3,images/34578667-FB1C-4F94-84E7-16EAA47424F3.jpg,
34AE6410-AFB7-45DA-8036-324A751B45F4,images/34AE6410-AFB7-45DA-8036-324A751B45F4.jpg,
35B8344B-A324-472E-98B0-EF8F5E86C5D7,images/35B8344B-A324-472E-98B0-EF8F5E86C5D7.jpg,
3637D0A0-70FF-4C2B-8D86-A6E2CE45330E,images/3637D0A0-70FF-4C2B-8D86-A6E2CE45330E.jpg,
36D9F870-220D-40F7-BFBB-60FF6AC3D120,images/36D9F870-220D-40F7-BFBB-60FF6AC3D120.jpg,
36F95DA2-90AF-4EE1-974D-E73B69984134,images/36F95DA2-90AF-4EE1-974D-E73B69984134.jpg,
3705F5B6-C99B-4025-A854-4FD0B5031911,images/3705F5B6-C99B-4025-A854-4FD0B5031911.jpg,
370776E0-7F17-45B1-9894-65481D5662D9,images/370776E0-7F17-45B1-9894-65481D5662D9.jpg,
37095F29-79CE-4497-AFEC-11840BEF41E4,images/37095F29-79CE-4497-AFEC-11840BEF41E4.jpg,
370CBA0D-7A74-4532-92C5-D9FD9905E22C,images/370CBA0D-7A74-4532-92C5-D9FD9905E22C.jpg,
373D2D67-AE6B-4596-9D16-CF7D09BE69D0,images/373D2D67-AE6B-4596-9D16-CF7D09BE69D0.jpg,
3761CE23-94FA-4BBF-950A-3E6CEC8D8E87,images/3761CE23-94FA-4BBF-950A-3E6CEC8D8E87.jpg,
37C5103E-AB78-4CF7-B6A8-B5004B693432,images/37C5103E-AB78-4CF7-B6A8-B5004B693432.jpg,
37E85575-7353-4F45-8932-18E6FD1030C1,images/37E85575-7353-4F45-8932-18E6FD1030C1.jpg,
37F14117-E067-41AD-B4B2-32894C82820E,images/37F14117-E067-41AD-B4B2-32894C82820E.jpg,
37FCE078-15E6-4126-92EA-B6DD0A62BF31,images/37FCE078-15E6-4126-92EA-B6DD0A62BF31.jpg,
384A8FE7-4839-41F4-AFE5-68A6DF90EB15,images/384A8FE7-4839-41F4-AFE5-68A6DF90EB15.jpg,
3869656B-61EE-4060-978C-D5A3AC23F0AC,images/3869656B-61EE-4060-978C-D5A3AC23F0AC.jpg,
388D0D69-CAD4-4B14-9143-371676607767,images/388D0D69-CAD4-4B14-9143-371676607767.jpg,
38C375A5-22D3-4ADF-BDA0-7E9FF302456C,images/38C375A5-22D3-4ADF-BDA0-7E9FF302456C.jpg,
38CC2A20-8B9A-42A5-9682-2E3C952F429C,images/38CC2A20-8B9A-42A5-9682-2E3C952F429C.jpg,
38CE8AFD-E30B-46B2-8216-449D378774FF,images/38CE8AFD-E30B-46B2-8216-449D378774FF.jpg,
38DFF5E1-9993-41B0-8D52-6CCA5E11EF62,images/38DFF5E1-9993-41B0-8D52-6CCA5E11EF62.jpg,
395A233C-06EA-41FF-9D17-1E15519D53C7,images/395A233C-06EA-41FF-9D17-1E15519D53C7.jpg,
3AAB9663-F640-43AE-8B5A-14AEDE73429E,images/3AAB9663-F640-43AE-8B5A-14AEDE73429E.jpg,
3AE3A46C-6B37-46DD-82F4-97A2F966281D,images/3AE3A46C-6B37-46DD-82F4-97A2F966281D.jpg,
3AF624FB-1EA7-4F06-A48D-78C25F8E02FB,images/3AF624FB-1EA7-4F06-A48D-78C25F8E02FB.jpg,
3B4EED7E-9D34-415F-B15C-8440312472E2,images/3B4EED7E-9D34-415F-B15C-8440312472E2.jpg,
3B673D27-C91B-45CF-ACA3-E417F97A0ADA,images/3B673D27-C91B-45CF-ACA3-E417F97A0ADA.jpg,
3BB415D4-6366-419A-973D-6D010C63DB6A,images/3BB415D4-6366-419A-973D-6D010C63DB6A.jpg,
3BD3E3C7-2CED-437D-BC24-1963B9A5B5D7,images/3BD3E3C7-2CED-437D-BC24-1963B9A5B5D7.jpg,
3C546561-64C1-4359-810F-DB884329012E,images/3C546561-64C1-4359-810F-DB884329012E.jpg,
3C845D1C-4B33-4474-B0E1-158DCAB9C896,images/3C845D1C-4B33-4474-B0E1-158DCAB9C896.jpg,
3CBE9686-5872-42DB-A2E8-227A1375F5A5,images/3CBE9686-5872-42DB-A2E8-227A1375F5A5.jpg,
3CBEB8DF-6654-4BA5-9A31-E83145CE17E4,images/3CBEB8DF-6654-4BA5-9A31-E83145CE17E4.jpg,
3CD81447-5C28-4BBB-8207-26700F32EA95,images/3CD81447-5C28-4BBB-8207-26700F32EA95.jpg,
3D241155-0607-4A3A-8778-0CEF13E4C711,images/3D241155-0607-4A3A-8778-0CEF13E4C711.jpg,
3D2CB37F-EC94-4A7A-922A-8D4FAEBD1717,images/3D2CB37F-EC94-4A7A-922A-8D4FAEBD1717.jpg,
3D374A9A-8BFB-4A0D-8011-1045D27FC3D7,images/3D374A9A-8BFB-4A0D-8011-1045D27FC3D7.jpg,
3D9CB779-7BF9-484F-9AAC-2405C20DDE63,images/3D9CB779-7BF9-484F-9AAC-2405C20DDE63.jpg,
3E34F36F-11F1-4147-9FF8-E968B097BE1C,images/3E34F36F-11F1-4147-9FF8-E968B097BE1C.jpg,
3E3684B0-5EE7-475C-92D9-CD21DCF76457,images/3E3684B0-5EE7-475C-92D9-CD21DCF76457.jpg,
3E898507-C900-4073-A11E-892E6999C679,images/3E898507-C900-4073-A11E-892E6999C679.jpg,
3EFB086F-A9E3-46D7-A5D0-E443981FD574,images/3EFB086F-A9E3-46D7-A5D0-E443981FD574.jpg,
3F57BA59-FCFF-4084-9273-017CB897B618,images/3F57BA59-FCFF-4084-9273-017CB897B618.jpg,
3FA1D519-F784-4939-96FD-334E1BD02352,images/3FA1D519-F784-4939-96FD-334E1BD02352.jpg,
3FF6DE54-FE29-45C4-BDF0-DA2F052BDA76,images/3FF6DE54-FE29-45C4-BDF0-DA2F052BDA76.jpg,
404DB7F5-B80A-4DCB-8B21-63D79AB98684,images/404DB7F5-B80A-4DCB-8B21-63D79AB98684.jpg,
41043DDD-1FFD-4B93-A46C-9199C045F172,images/41043DDD-1FFD-4B93-A46C-9199C045F172.jpg,
413E306A-15FE-45A2-AF10-63A2DE6D741B,images/413E306A-15FE-45A2-AF10-63A2DE6D741B.jpg,
4146EBD2-DF3B-49A9-B1A0-0504719C870D,images/4146EBD2-DF3B-49A9-B1A0-0504719C870D.jpg,
41AD2B06-8B7B-49B7-AE0E-1631FDA6EE79,images/41AD2B06-8B7B-49B7-AE0E-1631FDA6EE79.jpg,
41F6B7B5-0076-41A6-8B9F-9C0D7DE3169A,images/41F6B7B5-0076-41A6-8B9F-9C0D7DE3169A.jpg,
423B86FA-0D97-4934-9361-34337393BFDB,images/423B86FA-0D97-4934-9361-34337393BFDB.jpg,
4267FD8F-351D-44F4-A73F-E0673CC146D8,images/4267FD8F-351D-44F4-A73F-E0673CC146D8.jpg,
42A9BC56-341A-4BB0-8572-1D2779BF740F,images/42A9BC56-341A-4BB0-8572-1D2779BF740F.jpg,
42ACC6E8-939A-4270-885D-AD4D56AF0E98,images/42ACC6E8-939A-4270-885D-AD4D56AF0E98.jpg,
42E2EDB2-E05B-4AE6-BD3F-2FA99761A291,images/42E2EDB2-E05B-4AE6-BD3F-2FA99761A291.jpg,
4321FF4A-9758-4433-A2E0-AF5C073F311D,images/4321FF4A-9758-4433-A2E0-AF5C073F311D.jpg,
434A7616-261F-467D-AF59-3CC77DDF1E65,images/434A7616-261F-467D-AF59-3CC77DDF1E65.jpg,
436DFA02-6DC2-42F7-9B9C-8CE70B7ACB6F,images/436DFA02-6DC2-42F7-9B9C-8CE70B7ACB6F.jpg,
43942AF4-2E0A-4E82-882F-6402EDDE647C,images/43942AF4-2E0A-4E82-882F-6402EDDE647C.jpg,
43C98ACE-D698-4C01-B985-247D5BFA27FE,images/43C98ACE-D698-4C01-B985-247D5BFA27FE.jpg,
43DE3C00-56E1-437E-ABAB-C8C957293CB5,images/43DE3C00-56E1-437E-ABAB-C8C957293CB5.jpg,
445435EC-BA0F-4606-82A3-3B31CDA7AC96,images/445435EC-BA0F-4606-82A3-3B31CDA7AC96.jpg,
465344A9-BF2C-4410-BC7E-6595A95620D1,images/465344A9-BF2C-4410-BC7E-6595A95620D1.jpg,
467C10B4-F003-41DA-96B6-1A3B89E61930,images/467C10B4-F003-41DA-96B6-1A3B89E61930.jpg,
468D76AF-793A-40AB-B81E-A44689FADB5B,images/468D76AF-793A-40AB-B81E-A44689FADB5B.jpg,
468E045B-553B-411D-8262-6E501C26C9C6,images/468E045B-553B-411D-8262-6E501C26C9C6.jpg,
4720E209-B022-47D4-9981-1D37ACA5508D,images/4720E209-B022-47D4-9981-1D37ACA5508D.jpg,
472D7891-57B1-4308-8DC4-04EAD3EA550F,images/472D7891-57B1-4308-8DC4-04EAD3EA550F.jpg,
472D78CB-50F6-4954-9F64-60751F8E94D3,images/472D78CB-50F6-4954-9F64-60751F8E94D3.jpg,
47CEE82B-72F8-4BFE-B9EB-9ED64EF59190,images/47CEE82B-72F8-4BFE-B9EB-9ED64EF59190.jpg,
47D8457D-5897-4439-94A8-537F4A0C19BC,images/47D8457D-5897-4439-94A8-537F4A0C19BC.jpg,
47EA7768-5909-44B2-BE81-64718D91D121,images/47EA7768-5909-44B2-BE81-64718D91D121.jpg,
483C05A8-954F-43FB-8181-C008FFAED4C5,images/483C05A8-954F-43FB-8181-C008FFAED4C5.jpg,
484D75BC-9065-4F26-9ECA-87CF98D98C8F,images/484D75BC-9065-4F26-9ECA-87CF98D98C8F.jpg,
4864009C-CF31-467F-B25C-03926A5280FA,images/4864009C-CF31-467F-B25C-03926A5280FA.jpg,
486FE27A-1B62-481C-8573-82227F219DD3,images/486FE27A-1B62-481C-8573-82227F219DD3.jpg,
48889AA5-9F51-4FAD-A944-95FC32595242,images/48889AA5-9F51-4FAD-A944-95FC32595242.jpg,
48D1412E-7DD9-40BD-AD6B-4A2E0C1595BA,images/48D1412E-7DD9-40BD-AD6B-4A2E0C1595BA.jpg,
48E3672C-675B-471C-8BE2-E66D018DDB39,images/48E3672C-675B-471C-8BE2-E66D018DDB39.jpg,
490C2154-79EC-41F6-B2C2-F6F7C0F84455,images/490C2154-79EC-41F6-B2C2-F6F7C0F84455.jpg,
49116FE0-89D1-4609-A543-6B45AC201683,images/49116FE0-89D1-4609-A543-6B45AC201683.jpg,
491CB95A-4B5B-4AE8-9FEB-AF515ADA5AFB,images/491CB95A-4B5B-4AE8-9FEB-AF515ADA5AFB.jpg,
4A2A7200-28D2-44C6-AAFC-C3255037B6C5,images/4A2A7200-28D2-44C6-AAFC-C3255037B6C5.jpg,
4A53A04C-92D5-4E66-A7E0-B2228153A459,images/4A53A04C-92D5-4E66-A7E0-B2228153A459.jpg,
4AB7341B-30F0-42D2-B35A-E92162059806,images/4AB7341B-30F0-42D2-B35A-E92162059806.jpg,
4ACEBC88-6B52-4A76-AFDD-8C548C10B980,images/4ACEBC88-6B52-4A76-AFDD-8C548C10B980.jpg,
4B0C7A4A-A21D-4FF4-94CF-CC3C11244E84,images/4B0C7A4A-A21D-4FF4-94CF-CC3C11244E84.jpg,
4B5EF868-D0D0-4F89-8119-8A40C206AA05,images/4B5EF868-D0D0-4F89-8119-8A40C206AA05.jpg,
4B899BF7-090D-4F06-80CE-2E72EB3CF3B9,images/4B899BF7-090D-4F06-80CE-2E72EB3CF3B9.jpg,
4BE0B687-D435-48D7-8896-32133FECD8BB,images/4BE0B687-D435-48D7-8896-32133FECD8BB.jpg,
4BE14EE5-18B3-4E39-8BEF-FED38CF20D97,images/4BE14EE5-18B3-4E39-8BEF-FED38CF20D97.jpg,
4C08D93E-E248-432A-B72C-A6F852CFAECE,images/4C08D93E-E248-432A-B72C-A6F852CFAECE.jpg,
4C5E151D-C50E-4BBD-8BCB-89362A59AEB9,images/4C5E151D-C50E-4BBD-8BCB-89362A59AEB9.jpg,
4CD481DD-3F1A-4E6A-86FE-0330D34B23E0,images/4CD481DD-3F1A-4E6A-86FE-0330D34B23E0.jpg,
4CD553AD-2F9C-45B5-9003-48A5E8A8F66C,images/4CD553AD-2F9C-45B5-9003-48A5E8A8F66C.jpg,
4D025B8B-72C5-4DF7-BC5B-F3641CF23635,images/4D025B8B-72C5-4DF7-BC5B-F3641CF23635.jpg,
4D3DEA97-0218-4F26-928E-5FD1930F7DB1,images/4D3DEA97-0218-4F26-928E-5FD1930F7DB1.jpg,
4D5253A5-0F98-4EC5-8F2C-55540D46A178,images/4D5253A5-0F98-4EC5-8F2C-55540D46A178.jpg,
4D6B3011-6C98-4ADB-A002-1607CEB88101,images/4D6B3011-6C98-4ADB-A002-1607CEB88101.jpg,
4D8357B0-61C4-43F5-88B3-4D0734D1A60B,images/4D8357B0-61C4-43F5-88B3-4D0734D1A60B.jpg,
4E045CB3-6BDF-4C19-9AE8-B0D5240F8E2A,images/4E045CB3-6BDF-4C19-9AE8-B0D5240F8E2A.jpg,
4E6273BF-E6FF-4CD7-9BA0-09F752F799FF,images/4E6273BF-E6FF-4CD7-9BA0-09F752F799FF.jpg,
4E996A39-E4F0-45FC-8693-42F07ACBC39A,images/4E996A39-E4F0-45FC-8693-42F07ACBC39A.jpg,
4ECFC2ED-73D5-4BDF-A2F7-B96514D18F8C,images/4ECFC2ED-73D5-4BDF-A2F7-B96514D18F8C.jpg,
4EF21909-33D5-4114-97A8-6C8C341C9919,images/4EF21909-33D5-4114-97A8-6C8C341C9919.jpg,
4F79D07C-9B06-4E6B-95AA-A786E8F5FC56,images/4F79D07C-9B06-4E6B-95AA-A786E8F5FC56.jpg,
4FB0BCDC-5B84-4C52-B604-F2E8A48C269E,images/4FB0BCDC-5B84-4C52-B604-F2E8A48C269E.jpg,
50011644-4B4D-45A2-9A7B-ED22FE34E207,images/50011644-4B4D-45A2-9A7B-ED22FE34E207.jpg,
500AEBC2-A989-4B4F-9C15-F2BA0FDFB40A,images/500AEBC2-A989-4B4F-9C15-F2BA0FDFB40A.jpg,
50904F2E-0272-4931-A91F-170CF837A4C8,images/50904F2E-0272-4931-A91F-170CF837A4C8.jpg,
50D6A587-27E6-41BE-AEF7-5759CEEE62C2,images/50D6A587-27E6-41BE-AEF7-5759CEEE62C2.jpg,
50FDC2D9-4930-408E-9BD5-D96365E81A26,images/50FDC2D9-4930-408E-9BD5-D96365E81A26.jpg,
51293E8A-035E-47F7-8565-1E598D6ACAD1,images/51293E8A-035E-47F7-8565-1E598D6ACAD1.jpg,
518E4964-EBC8-4ADB-9739-A73EC34F6F36,images/518E4964-EBC8-4ADB-9739-A73EC34F6F36.jpg,
5231C617-DF70-4689-AB56-4DB897160F85,images/5231C617-DF70-4689-AB56-4DB897160F85.jpg,
5241C89D-3AB2-45FB-A071-B66582C369DD,images/5241C89D-3AB2-45FB-A071-B66582C369DD.jpg,
5295CAE3-72F6-4E14-86A7-B00D7187C7DA,images/5295CAE3-72F6-4E14-86A7-B00D7187C7DA.jpg,
53141224-8F99-45BE-922B-7C960D0732EC,images/53141224-8F99-45BE-922B-7C960D0732EC.jpg,
53885538-22E7-4ADC-A5E0-56A2DFEA74F3,images/53885538-22E7-4ADC-A5E0-56A2DFEA74F3.jpg,
539A1D77-4F04-4FB2-AB6B-234D5BB930EE,images/539A1D77-4F04-4FB2-AB6B-234D5BB930EE.jpg,
542C946B-5B9C-4445-96BB-8FAEEFB96DD3,images/542C946B-5B9C-4445-96BB-8FAEEFB96DD3.jpg,
546B60C8-AC39-4C4F-BFD6-2F9EF6724F15,images/546B60C8-AC39-4C4F-BFD6-2F9EF6724F15.jpg,
54A0FF88-13E1-4E11-A084-1AEC33374847,images/54A0FF88-13E1-4E11-A084-1AEC33374847.jpg,
5501A266-BDF4-40DE-A196-44DB6C22C990,images/5501A266-BDF4-40DE-A196-44DB6C22C990.jpg,
55588B67-945A-4CEF-B788-D4294ADFBE19,images/55588B67-945A-4CEF-B788-D4294ADFBE19.jpg,
5584B2D4-8571-4702-9554-D85565A85C1A,images/5584B2D4-8571-4702-9554-D85565A85C1A.jpg,
5592AB62-9D4C-4964-B704-B2DB83E99195,images/5592AB62-9D4C-4964-B704-B2DB83E99195.jpg,
55A54EDB-1DE0-423E-A34B-63BA74240404,images/55A54EDB-1DE0-423E-A34B-63BA74240404.jpg,
55AFDC9E-3980-4B9E-8074-9C37218CD98C,images/55AFDC9E-3980-4B9E-8074-9C37218CD98C.jpg,
55E05CBB-2FAC-4440-9029-9F2BCB588C55,images/55E05CBB-2FAC-4440-9029-9F2BCB588C55.jpg,
563D45ED-0A52-41A9-A062-DA8F5B512915,images/563D45ED-0A52-41A9-A062-DA8F5B512915.jpg,
56520438-0FF7-4CA2-B4DB-615C26D38D66,images/56520438-0FF7-4CA2-B4DB-615C26D38D66.jpg,
5661406A-D2AE-4352-829E-C088DEF144B5,images/5661406A-D2AE-4352-829E-C088DEF144B5.jpg,
569C5053-74D7-47BD-9E57-24C27E0479B2,images/569C5053-74D7-47BD-9E57-24C27E0479B2.jpg,
56D54984-3F06-4ADC-BDE8-4F7E5B4AB9BC,images/56D54984-3F06-4ADC-BDE8-4F7E5B4AB9BC.jpg,
56F5607A-7613-4FD9-BD2F-51B6EAF16112,images/56F5607A-7613-4FD9-BD2F-51B6EAF16112.jpg,
57095EF5-594B-4A0A-8E5C-A0B520777572,images/57095EF5-594B-4A0A-8E5C-A0B520777572.jpg,
571713AC-20C3-4B9A-B7CC-C977156643A5,images/571713AC-20C3-4B9A-B7CC-C977156643A5.jpg,
57649D6E-29FF-422E-B8A0-F462ACFF0533,images/57649D6E-29FF-422E-B8A0-F462ACFF0533.jpg,
57952D6A-906C-44B2-B044-15F8113D0F59,images/57952D6A-906C-44B2-B044-15F8113D0F59.jpg,
57F1D68F-3614-4AA0-9871-C57DECA6F11B,images/57F1D68F-3614-4AA0-9871-C57DECA6F11B.jpg,
5809634F-E9C8-49F8-84D0-6846E827AF2D,images/5809634F-E9C8-49F8-84D0-6846E827AF2D.jpg,
58209A27-AE67-4761-B8B9-E1275D1ACFEB,images/58209A27-AE67-4761-B8B9-E1275D1ACFEB.jpg,
583ACEBE-26BF-4467-A9C1-D217C2CED022,images/583ACEBE-26BF-4467-A9C1-D217C2CED022.jpg,
58546C3D-43F3-40B2-A70B-E66DE9ED77CC,images/58546C3D-43F3-40B2-A70B-E66DE9ED77CC.jpg,
5868B713-5EFA-4CEC-A352-224B6F26675C,images/5868B713-5EFA-4CEC-A352-224B6F26675C.jpg,
5872B6E8-6F67-4F09-BF35-672ACD26468E,images/5872B6E8-6F67-4F09-BF35-672ACD26468E.jpg,
5888FD44-1A98-4062-B867-0B673F82C925,images/5888FD44-1A98-4062-B867-0B673F82C925.jpg,
5890C1C6-1605-4CCC-8F3F-C0E0F37DF871,images/5890C1C6-1605-4CCC-8F3F-C0E0F37DF871.jpg,
589C2255-A7A7-459A-AAF5-D6CFBB7EE70B,images/589C2255-A7A7-459A-AAF5-D6CFBB7EE70B.jpg,
58B5A480-BC7A-4106-83BB-5360C254EB75,images/58B5A480-BC7A-4106-83BB-5360C254EB75.jpg,
58BE29B4-2228-4C91-8905-4E15F547ADAD,images/58BE29B4-2228-4C91-8905-4E15F547ADAD.jpg,
5903BF7D-86A6-461C-9059-FFA870F728D0,images/5903BF7D-86A6-461C-9059-FFA870F728D0.jpg,
597C082F-5A2F-42EE-8CB7-2FCCE9B54FCF,images/597C082F-5A2F-42EE-8CB7-2FCCE9B54FCF.jpg,
59901F55-6CDD-4790-8F94-D66DBBC10982,images/59901F55-6CDD-4790-8F94-D66DBBC10982.jpg,
5A420944-50A3-4548-962E-3A1D890EEBBE,images/5A420944-50A3-4548-962E-3A1D890EEBBE.jpg,
5A44B326-09EF-4428-A9D8-8F693D488E23,images/5A44B326-09EF-4428-A9D8-8F693D488E23.jpg,
5A78A67D-D3D0-4BE7-A91E-DD29E14F9C62,images/5A78A67D-D3D0-4BE7-A91E-DD29E14F9C62.jpg,
5AF944E6-6071-4609-B9DD-0E0FF97DB30B,images/5AF944E6-6071-4609-B9DD-0E0FF97DB30B.jpg,
5B2CC87A-1B52-4417-A9F5-DB022A83B67F,images/5B2CC87A-1B52-4417-A9F5-DB022A83B67F.jpg,
5B48D28C-7423-4133-A0D0-342741EC0D5D,images/5B48D28C-7423-4133-A0D0-342741EC0D5D.jpg,
5B65581F-D5F6-4A09-9CAF-5B3FFD878900,images/5B65581F-D5F6-4A09-9CAF-5B3FFD878900.jpg,
5B76735A-DE9C-4DDD-BEAB-C1C692CF7701,images/5B76735A-DE9C-4DDD-BEAB-C1C692CF7701.jpg,
5BF92EEC-9D6F-47F7-A6F2-AC40D30E8FE9,images/5BF92EEC-9D6F-47F7-A6F2-AC40D30E8FE9.jpg,
5CA5D65D-6C95-46AC-BFEB-C10EA342272C,images/5CA5D65D-6C95-46AC-BFEB-C10EA342272C.jpg,
5CC93ECB-F2CC-4765-A910-8D7054FDD7A3,images/5CC93ECB-F2CC-4765-A910-8D7054FDD7A3.jpg,
5D1F9D99-7503-4FD5-9B78-694CCC2B7C9F,images/5D1F9D99-7503-4FD5-9B78-694CCC2B7C9F.jpg,
5D6C296B-9A44-4E39-875D-DA3DE3CE6C4C,images/5D6C296B-9A44-4E39-875D-DA3DE3CE6C4C.jpg,
5D7CC722-9EAF-46B0-A03B-6B565E723C31,images/5D7CC722-9EAF-46B0-A03B-6B565E723C31.jpg,
5D90A279-D9F8-4B0F-AF02-E6DF296258C9,images/5D90A279-D9F8-4B0F-AF02-E6DF296258C9.jpg,
5D987CB2-712B-4233-8A71-BC732AFEF128,images/5D987CB2-712B-4233-8A71-BC732AFEF128.jpg,
5E0E2DCA-7066-445D-9A78-3744C9D7C35F,images/5E0E2DCA-7066-445D-9A78-3744C9D7C35F.jpg,
5F09C7CA-DC5A-4ED6-AF4B-A68E9AFD39C8,images/5F09C7CA-DC5A-4ED6-AF4B-A68E9AFD39C8.jpg,
5F2AB149-C861-41E7-A4D1-570C06856923,images/5F2AB149-C861-41E7-A4D1-570C06856923.jpg,
5F42F088-D394-4394-B8D8-88DB3C8AC033,images/5F42F088-D394-4394-B8D8-88DB3C8AC033.jpg,
5F4CC650-21EB-499B-956B-36A876F85D39,images/5F4CC650-21EB-499B-956B-36A876F85D39.jpg,
5F6D31F5-A2AC-40C9-8A01-17BE8DEF74AD,images/5F6D31F5-A2AC-40C9-8A01-17BE8DEF74AD.jpg,
5F75F950-736B-4142-98CC-406FBA0FD10E,images/5F75F950-736B-4142-98CC-406FBA0FD10E.jpg,
5FA79BCF-DB3F-4934-8B46-70EC68DD65C4,images/5FA79BCF-DB3F-4934-8B46-70EC68DD65C4.jpg,
604CEB5B-08DA-4C04-9279-CB2DF76D61D2,images/604CEB5B-08DA-4C04-9279-CB2DF76D61D2.jpg,
60B96857-EE86-4E9F-8EE7-38DCB247D593,images/60B96857-EE86-4E9F-8EE7-38DCB247D593.jpg,
60CCFA2F-DEF5-4942-B34A-57FA609D9061,images/60CCFA2F-DEF5-4942-B34A-57FA609D9061.jpg,
6156C705-9F97-45EA-8CEB-D92775D26108,images/6156C705-9F97-45EA-8CEB-D92775D26108.jpg,
615DA6D6-D0B7-4F2B-B41F-6AB550DF87B8,images/615DA6D6-D0B7-4F2B-B41F-6AB550DF87B8.jpg,
617EBD45-FF00-4D34-9A26-6AB9A44ACCD6,images/617EBD45-FF00-4D34-9A26-6AB9A44ACCD6.jpg,
619D1940-5D41-49E2-BBB9-BCB9DE170316,images/619D1940-5D41-49E2-BBB9-BCB9DE170316.jpg,
61C61FF0-ED74-4FDD-93F3-C1B7551C18B1,images/61C61FF0-ED74-4FDD-93F3-C1B7551C18B1.jpg,
620DB885-6B22-4D69-BF71-CCA4901E13D1,images/620DB885-6B22-4D69-BF71-CCA4901E13D1.jpg,
6211FD3F-0055-4A2A-9107-3DCC8406526C,images/6211FD3F-0055-4A2A-9107-3DCC8406526C.jpg,
628E1459-8DB0-4F85-9804-EAB8B6CFC5EC,images/628E1459-8DB0-4F85-9804-EAB8B6CFC5EC.jpg,
62D5314F-74A1-46A1-BDC1-A59BE258BCDA,images/62D5314F-74A1-46A1-BDC1-A59BE258BCDA.jpg,
62DBE6BB-7FAA-48A7-AD3A-31D9B8CA7B7F,images/62DBE6BB-7FAA-48A7-AD3A-31D9B8CA7B7F.jpg,
63712F8B-B59F-48DB-A1BA-561D24E188A5,images/63712F8B-B59F-48DB-A1BA-561D24E188A5.jpg,
63B05DC4-136E-4833-BAF4-18C46D6DA428,images/63B05DC4-136E-4833-BAF4-18C46D6DA428.jpg,
63DFF2C2-444F-4D79-B567-533996DAC427,images/63DFF2C2-444F-4D79-B567-533996DAC427.jpg,
6422D4AC-BA48-4C55-979F-53617B09C8BC,images/6422D4AC-BA48-4C55-979F-53617B09C8BC.jpg,
64497E78-EBE5-4432-A5D7-68E3EBB50F14,images/64497E78-EBE5-4432-A5D7-68E3EBB50F14.jpg,
64AADDAD-A7FA-4AF2-93CA-F8AF66703874,images/64AADDAD-A7FA-4AF2-93CA-F8AF66703874.jpg,
64E8DC43-7907-4EB3-87F3-AE1170E5FEF1,images/64E8DC43-7907-4EB3-87F3-AE1170E5FEF1.jpg,
6514DCA5-7D8F-430F-945C-009D03AE2A16,images/6514DCA5-7D8F-430F-945C-009D03AE2A16.jpg,
65684DBE-F9EC-44C1-A116-E971FBA5F0C8,images/65684DBE-F9EC-44C1-A116-E971FBA5F0C8.jpg,
65934E0A-0A3F-4E5F-BA01-9F3F62F11AA1,images/65934E0A-0A3F-4E5F-BA01-9F3F62F11AA1.jpg,
6602D2A1-0EEE-4DBD-8C38-41BF4FC7023C,images/6602D2A1-0EEE-4DBD-8C38-41BF4FC7023C.jpg,
66310A96-5244-4F4A-91CF-69AB49502AA0,images/66310A96-5244-4F4A-91CF-69AB49502AA0.jpg,
66A9A421-A9C5-43AA-A143-3764A8A6478C,images/66A9A421-A9C5-43AA-A143-3764A8A6478C.jpg,
676DEB48-AA60-47AF-8FC7-4416B35F7328,images/676DEB48-AA60-47AF-8FC7-4416B35F7328.jpg,
67A7EB9F-2EA9-4539-939C-E013A83E2E81,images/67A7EB9F-2EA9-4539-939C-E013A83E2E81.jpg,
67AB268C-4C73-4AAF-A82C-DBE02D89B8D1,images/67AB268C-4C73-4AAF-A82C-DBE02D89B8D1.jpg,
683C5A7C-831C-47F5-97DD-D672F35DEB29,images/683C5A7C-831C-47F5-97DD-D672F35DEB29.jpg,
683E374D-D109-48B3-96BC-4515B7FE3F36,images/683E374D-D109-48B3-96BC-4515B7FE3F36.jpg,
687E19F6-A709-4D9A-A5D3-0F7AF9F905A2,images/687E19F6-A709-4D9A-A5D3-0F7AF9F905A2.jpg,
688E7EF5-2348-411D-A9E7-109E8674236E,images/688E7EF5-2348-411D-A9E7-109E8674236E.jpg,
68B8C875-3613-4FA3-85B9-459D5E6D9856,images/68B8C875-3613-4FA3-85B9-459D5E6D9856.jpg,
68F6C6C1-EB07-4770-B18B-860A86F077C9,images/68F6C6C1-EB07-4770-B18B-860A86F077C9.jpg,
69141BCE-1040-4252-9295-60698CA24BAB,images/69141BCE-1040-4252-9295-60698CA24BAB.jpg,
69583394-3323-4994-98BC-5BAD5C7F2F45,images/69583394-3323-4994-98BC-5BAD5C7F2F45.jpg,
69CEA585-1DBB-4C82-9D8C-29C74B6A2CDB,images/69CEA585-1DBB-4C82-9D8C-29C74B6A2CDB.jpg,
69DB29A4-A7A4-40F3-B75B-1131811530B3,images/69DB29A4-A7A4-40F3-B75B-1131811530B3.jpg,
6A02443E-9BA9-4E9A-B4ED-DDF91D60FA20,images/6A02443E-9BA9-4E9A-B4ED-DDF91D60FA20.jpg,
6A1922E8-7B5E-44F2-B343-A5C4E783769D,images/6A1922E8-7B5E-44F2-B343-A5C4E783769D.jpg,
6A2B1AB1-610B-46B2-A910-A6C22601BD51,images/6A2B1AB1-610B-46B2-A910-A6C22601BD51.jpg,
6AC8078F-66B3-4ECC-B81D-EFEDC19ACC7E,images/6AC8078F-66B3-4ECC-B81D-EFEDC19ACC7E.jpg,
6AEA759A-1E9D-4798-AF2C-C3BAD1C02BBA,images/6AEA759A-1E9D-4798-AF2C-C3BAD1C02BBA.jpg,
6B2A090A-996A-4946-AA1E-6AE980A18CBB,images/6B2A090A-996A-4946-AA1E-6AE980A18CBB.jpg,
6B45D78B-4336-4904-AA38-4889860F30BF,images/6B45D78B-4336-4904-AA38-4889860F30BF.jpg,
6B5093EB-DF6A-4F90-8769-3C4C4D537751,images/6B5093EB-DF6A-4F90-8769-3C4C4D537751.jpg,
6B59776A-1B50-4F70-9C30-A35EA21A855E,images/6B59776A-1B50-4F70-9C30-A35EA21A855E.jpg,
6B6F9FFC-705A-4F07-951D-A6B82CAFC421,images/6B6F9FFC-705A-4F07-951D-A6B82CAFC421.jpg,
6D1F5145-1396-45B8-A206-C5FB7448C6A9,images/6D1F5145-1396-45B8-A206-C5FB7448C6A9.jpg,
6D85D1B8-D53D-4E6B-86CC-047F24381C66,images/6D85D1B8-D53D-4E6B-86CC-047F24381C66.jpg,
6E369930-F000-4C9E-9917-0ED55D6B5C8A,images/6E369930-F000-4C9E-9917-0ED55D6B5C8A.jpg,
6E6AC7E2-0214-47BA-BCE9-D6A98360B55B,images/6E6AC7E2-0214-47BA-BCE9-D6A98360B55B.jpg,
6E9CAB68-98EC-4B7D-9B8D-FA3BED0AB45B,images/6E9CAB68-98EC-4B7D-9B8D-FA3BED0AB45B.jpg,
6EF9128A-4FF5-4D5D-A453-BB98DE5B9D2E,images/6EF9128A-4FF5-4D5D-A453-BB98DE5B9D2E.jpg,
6F09E7D9-8080-41E6-A664-426FBD754B36,images/6F09E7D9-8080-41E6-A664-426FBD754B36.jpg,
6F5E84AB-0843-496A-9BC4-1BE2110F1AB9,images/6F5E84AB-0843-496A-9BC4-1BE2110F1AB9.jpg,
6FB5D525-5B72-42DE-9AA8-9E340713723E,images/6FB5D525-5B72-42DE-9AA8-9E340713723E.jpg,
7016D53F-57A1-4FB4-BAD0-B37C5E0AFF25,images/7016D53F-57A1-4FB4-BAD0-B37C5E0AFF25.jpg,
70A0831D-A8CC-4432-871E-866B3F02D79A,images/70A0831D-A8CC-4432-871E-866B3F02D79A.jpg,
70BC4598-28E8-4C63-9FF4-F6261B51B779,images/70BC4598-28E8-4C63-9FF4-F6261B51B779.jpg,
70F34A71-D29D-4381-AE91-C02C84EC1128,images/70F34A71-D29D-4381-AE91-C02C84EC1128.jpg,
71CE8A3A-1E87-4781-B34B-3608BBBD3C34,images/71CE8A3A-1E87-4781-B34B-3608BBBD3C34.jpg,
71EA750A-6B04-4147-8C56-F07057D1E063,images/71EA750A-6B04-4147-8C56-F07057D1E063.jpg,
7203F73D-4D9C-4A7B-B0EC-C937ECCA16A7,images/7203F73D-4D9C-4A7B-B0EC-C937ECCA16A7.jpg,
729A58B9-8ACC-434A-9003-90FA5BB31C3E,images/729A58B9-8ACC-434A-9003-90FA5BB31C3E.jpg,
72CDA78C-431E-4A6C-BE2F-DAC0F92BB23D,images/72CDA78C-431E-4A6C-BE2F-DAC0F92BB23D.jpg,
72FE10CB-A4C2-4D63-B7E6-193D1EF7061A,images/72FE10CB-A4C2-4D63-B7E6-193D1EF7061A.jpg,
73342392-8BBC-438A-AE98-8630569626F9,images/73342392-8BBC-438A-AE98-8630569626F9.jpg,
73385706-9AB3-4C79-AF87-AE0042826EF6,images/73385706-9AB3-4C79-AF87-AE0042826EF6.jpg,
73E70C3F-E95B-4E4C-B8B9-A85713293B84,images/73E70C3F-E95B-4E4C-B8B9-A85713293B84.jpg,
74CC80D7-7259-4E0D-8126-7455505F42E1,images/74CC80D7-7259-4E0D-8126-7455505F42E1.jpg,
7509B7E3-D648-4462-8247-411D355ABBC2,images/7509B7E3-D648-4462-8247-411D355ABBC2.jpg,
7564F57E-D77D-4484-AD05-9CA1D576334C,images/7564F57E-D77D-4484-AD05-9CA1D576334C.jpg,
75714943-15AC-46EC-B645-F6432A241522,images/75714943-15AC-46EC-B645-F6432A241522.jpg,
75974828-15EC-4EBE-9140-0FF4A85159D8,images/75974828-15EC-4EBE-9140-0FF4A85159D8.jpg,
75ACF80D-142C-4868-9719-4E80816BFE4A,images/75ACF80D-142C-4868-9719-4E80816BFE4A.jpg,
75D2CB7C-6A0C-4458-B7DC-BB84FBC1D778,images/75D2CB7C-6A0C-4458-B7DC-BB84FBC1D778.jpg,
75D59A28-9BA5-42C1-BD38-4515DAF75A88,images/75D59A28-9BA5-42C1-BD38-4515DAF75A88.jpg,
75E2A501-68DD-46A7-B93A-BF8774BF6662,images/75E2A501-68DD-46A7-B93A-BF8774BF6662.jpg,
75FDED4D-FA18-41EA-83AD-642E0DCA3076,images/75FDED4D-FA18-41EA-83AD-642E0DCA3076.jpg,
7638B3C9-49D4-4CBE-A9F6-54F5F3D0954E,images/7638B3C9-49D4-4CBE-A9F6-54F5F3D0954E.jpg,
763E3B75-3BB1-49C8-A7C3-B919DE3A812B,images/763E3B75-3BB1-49C8-A7C3-B919DE3A812B.jpg,
76417D51-C73B-4FF4-9CB9-1A8662432747,images/76417D51-C73B-4FF4-9CB9-1A8662432747.jpg,
7680B944-52A0-4722-A5B2-6C2B7DF7F05C,images/7680B944-52A0-4722-A5B2-6C2B7DF7F05C.jpg,
7692601D-38CE-44C0-B966-5410BAF8C38E,images/7692601D-38CE-44C0-B966-5410BAF8C38E.jpg,
76943FC3-4A9D-429A-95EF-A09FEAFFA749,images/76943FC3-4A9D-429A-95EF-A09FEAFFA749.jpg,
76B3A540-D953-430D-B498-C265E054DD8F,images/76B3A540-D953-430D-B498-C265E054DD8F.jpg,
76B4B979-543F-41F6-86E1-6AA3BD798594,images/76B4B979-543F-41F6-86E1-6AA3BD798594.jpg,
76B9937F-3CC1-4FB0-98F5-8D0C283D28DA,images/76B9937F-3CC1-4FB0-98F5-8D0C283D28DA.jpg,
77102AC3-AF3E-453B-8732-C175D904147D,images/77102AC3-AF3E-453B-8732-C175D904147D.jpg,
7754C2FC-D612-429C-B863-0AF08A611522,images/7754C2FC-D612-429C-B863-0AF08A611522.jpg,
775A7801-E527-459E-A02B-F7D6FE2034EE,images/775A7801-E527-459E-A02B-F7D6FE2034EE.jpg,
778355EA-2A9C-425C-B237-00C46C07DDB9,images/778355EA-2A9C-425C-B237-00C46C07DDB9.jpg,
7796775D-C8C0-49A3-892E-F31FBBE9AC96,images/7796775D-C8C0-49A3-892E-F31FBBE9AC96.jpg,
77C9CC58-E41D-49C8-97BD-3B2C963A2FDD,images/77C9CC58-E41D-49C8-97BD-3B2C963A2FDD.jpg,
77F44673-CFF8-4BBB-BB54-9D24853ED325,images/77F44673-CFF8-4BBB-BB54-9D24853ED325.jpg,
7821A82B-CEEA-4BA0-AF63-4747D4338968,images/7821A82B-CEEA-4BA0-AF63-4747D4338968.jpg,
789E59E7-466E-45B1-B1FC-D082D6A3047D,images/789E59E7-466E-45B1-B1FC-D082D6A3047D.jpg,
78A77B0E-F813-41BE-BF20-8615EF54804D,images/78A77B0E-F813-41BE-BF20-8615EF54804D.jpg,
78C3449D-595F-4112-873D-CC820E2BD6E0,images/78C3449D-595F-4112-873D-CC820E2BD6E0.jpg,
78F7EE81-D755-4B2B-A3AD-2FF2152B3DE5,images/78F7EE81-D755-4B2B-A3AD-2FF2152B3DE5.jpg,
791CA018-7F88-41CD-8D5B-647E3EC2BC56,images/791CA018-7F88-41CD-8D5B-647E3EC2BC56.jpg,
79632E2A-7108-4A15-97EA-93B8BA4B9B60,images/79632E2A-7108-4A15-97EA-93B8BA4B9B60.jpg,
79E845F9-9D25-4982-8459-C39B61BCBFA6,images/79E845F9-9D25-4982-8459-C39B61BCBFA6.jpg,
79EC3646-EF6B-4B07-814D-607B3201945A,images/79EC3646-EF6B-4B07-814D-607B3201945A.jpg,
7A44834D-9787-4DB0-88BB-4E47D55BC6C4,images/7A44834D-9787-4DB0-88BB-4E47D55BC6C4.jpg,
7A485B49-C111-45EA-B667-948160F27DCE,images/7A485B49-C111-45EA-B667-948160F27DCE.jpg,
7AC1922F-2463-415F-BB3B-321870CC3FCA,images/7AC1922F-2463-415F-BB3B-321870CC3FCA.jpg,
7B2A15E2-DF80-4EBE-ADEB-996786A83807,images/7B2A15E2-DF80-4EBE-ADEB-996786A83807.jpg,
7B66E9DF-6DA5-4981-8E70-7E3781AD0851,images/7B66E9DF-6DA5-4981-8E70-7E3781AD0851.jpg,
7B6BEBA2-8AEC-4D98-B6E4-A1E2B3EF77BB,images/7B6BEBA2-8AEC-4D98-B6E4-A1E2B3EF77BB.jpg,
7BFF7F6D-F42E-4BEA-BED4-F1FB6DFB57ED,images/7BFF7F6D-F42E-4BEA-BED4-F1FB6DFB57ED.jpg,
7C840877-E71D-4BB4-8813-893566A1C390,images/7C840877-E71D-4BB4-8813-893566A1C390.jpg,
7CB9AE3E-24FF-4680-8F18-24E65B9E915C,images/7CB9AE3E-24FF-4680-8F18-24E65B9E915C.jpg,
7D3D05C5-A452-44CA-A5DB-527C6A53A3B7,images/7D3D05C5-A452-44CA-A5DB-527C6A53A3B7.jpg,
7D59DC34-A19E-4700-8C7C-A86613D5A078,images/7D59DC34-A19E-4700-8C7C-A86613D5A078.jpg,
7DD05F6E-627A-4CE1-8D39-47738AD8CF68,images/7DD05F6E-627A-4CE1-8D39-47738AD8CF68.jpg,
7DFCAD85-E602-463A-B3F2-A16B98229D2F,images/7DFCAD85-E602-463A-B3F2-A16B98229D2F.jpg,
7E331C23-AEC4-44B9-907F-01C153E1808F,images/7E331C23-AEC4-44B9-907F-01C153E1808F.jpg,
7E7BABC5-2C06-4934-8F6F-6E4440084C39,images/7E7BABC5-2C06-4934-8F6F-6E4440084C39.jpg,
7E9E9EF5-8412-4483-949D-1A2996F39FBD,images/7E9E9EF5-8412-4483-949D-1A2996F39FBD.jpg,
7F16E541-12CF-4FC6-A2F9-1E32CD5EBEDA,images/7F16E541-12CF-4FC6-A2F9-1E32CD5EBEDA.jpg,
7F1EACE4-75BA-40CB-95D1-2701439DC2DC,images/7F1EACE4-75BA-40CB-95D1-2701439DC2DC.jpg,
800402D8-107C-4A7D-B846-E3C120890811,images/800402D8-107C-4A7D-B846-E3C120890811.jpg,
800AF387-2137-423E-845A-2322EFC4FE78,images/800AF387-2137-423E-845A-2322EFC4FE78.jpg,
80390A2B-EACB-4EAD-B75F-1FD85AB185E7,images/80390A2B-EACB-4EAD-B75F-1FD85AB185E7.jpg,
80CE18E0-2FDE-4534-BDD8-D8E02EF0322A,images/80CE18E0-2FDE-4534-BDD8-D8E02EF0322A.jpg,
80EA93C2-7B35-4FCB-8E24-1563B582C943,images/80EA93C2-7B35-4FCB-8E24-1563B582C943.jpg,
8137FE7B-5BC9-4DA8-9BA6-56840713CEA2,images/8137FE7B-5BC9-4DA8-9BA6-56840713CEA2.jpg,
8156C962-2881-42C0-8D47-88C5500C249B,images/8156C962-2881-42C0-8D47-88C5500C249B.jpg,
81B764B5-59BE-4580-8B79-EF0EE5B51793,images/81B764B5-59BE-4580-8B79-EF0EE5B51793.jpg,
822D1CEA-4517-48E4-8C2C-4B7AC61B6123,images/822D1CEA-4517-48E4-8C2C-4B7AC61B6123.jpg,
8232BF69-02EC-4B2B-BC74-0D5235D8996E,images/8232BF69-02EC-4B2B-BC74-0D5235D8996E.jpg,
8240491A-36C2-48D3-9C6C-7F9BDB1FE9C6,images/8240491A-36C2-48D3-9C6C-7F9BDB1FE9C6.jpg,
82441FBF-86E2-4032-ABFC-82CE2EE4CE05,images/82441FBF-86E2-4032-ABFC-82CE2EE4CE05.jpg,
82531C7A-7D83-4304-8932-1A6C436EE2AD,images/82531C7A-7D83-4304-8932-1A6C436EE2AD.jpg,
828AEB73-708B-4440-A93B-42D94C73731B,images/828AEB73-708B-4440-A93B-42D94C73731B.jpg,
82EBFFF0-DE78-49F1-9DEE-3EF930FE0B14,images/82EBFFF0-DE78-49F1-9DEE-3EF930FE0B14.jpg,
8313486C-BDA5-4244-B8B3-D84F4D0C09C8,images/8313486C-BDA5-4244-B8B3-D84F4D0C09C8.jpg,
8371A791-5483-495E-BF2B-EA96642FECF6,images/8371A791-5483-495E-BF2B-EA96642FECF6.jpg,
837A9F55-627E-4DAB-99FD-60F20900DA33,images/837A9F55-627E-4DAB-99FD-60F20900DA33.jpg,
83EA104F-5B52-4880-88D9-F111B6E426BF,images/83EA104F-5B52-4880-88D9-F111B6E426BF.jpg,
84B9F877-C7FB-41B1-A612-6E7FA530B33D,images/84B9F877-C7FB-41B1-A612-6E7FA530B33D.jpg,
84BF72C1-ED45-4F34-9BFA-98363A3B6BC5,images/84BF72C1-ED45-4F34-9BFA-98363A3B6BC5.jpg,
84C4D867-5C17-43C8-97D4-958B44E129CC,images/84C4D867-5C17-43C8-97D4-958B44E129CC.jpg,
851F9790-7B4A-464D-9927-DE9A14CCB837,images/851F9790-7B4A-464D-9927-DE9A14CCB837.jpg,
8526D40A-F26B-444D-AAF7-B5FB64EC2404,images/8526D40A-F26B-444D-AAF7-B5FB64EC2404.jpg,
854732D2-F57B-4E23-A734-7CD6E7658A59,images/854732D2-F57B-4E23-A734-7CD6E7658A59.jpg,
856A01AF-1121-40CB-9449-4DF21BDCBF0F,images/856A01AF-1121-40CB-9449-4DF21BDCBF0F.jpg,
8592A309-1A31-4C2E-9A30-58C49FCF20AE,images/8592A309-1A31-4C2E-9A30-58C49FCF20AE.jpg,
85A64E44-6FDC-4BB2-BCA0-DADF12374DBD,images/85A64E44-6FDC-4BB2-BCA0-DADF12374DBD.jpg,
85CDEC25-9D90-4E8F-B13A-277953799D62,images/85CDEC25-9D90-4E8F-B13A-277953799D62.jpg,
85FA5DBD-A00A-46EB-A891-039073FA535D,images/85FA5DBD-A00A-46EB-A891-039073FA535D.jpg,
862D5D49-5021-47DC-8CAF-407ED42BF787,images/862D5D49-5021-47DC-8CAF-407ED42BF787.jpg,
863A57B9-4EC3-4493-A39F-204AFB1E8BE4,images/863A57B9-4EC3-4493-A39F-204AFB1E8BE4.jpg,
86958DC8-F328-4B73-BBD9-899867B4F72D,images/86958DC8-F328-4B73-BBD9-899867B4F72D.jpg,
86A7058F-251B-4ED7-833A-EBA08D24FBFA,images/86A7058F-251B-4ED7-833A-EBA08D24FBFA.jpg,
86DA1C2B-E5A3-4A98-AB67-666790034B2A,images/86DA1C2B-E5A3-4A98-AB67-666790034B2A.jpg,
86EB37DD-9FAD-453D-809B-5575FAD5DFB4,images/86EB37DD-9FAD-453D-809B-5575FAD5DFB4.jpg,
874B7EF4-9165-4289-8BB0-76EECBB68E88,images/874B7EF4-9165-4289-8BB0-76EECBB68E88.jpg,
875CC88D-7314-4B83-AF4F-45D1351386B7,images/875CC88D-7314-4B83-AF4F-45D1351386B7.jpg,
875EF5C1-73BA-4AB5-86EC-9310D308B5E0,images/875EF5C1-73BA-4AB5-86EC-9310D308B5E0.jpg,
87724D5E-F505-40FB-BD8C-6C2222C1C12F,images/87724D5E-F505-40FB-BD8C-6C2222C1C12F.jpg,
8783A494-195F-45CB-8C04-B8ECC94E7C73,images/8783A494-195F-45CB-8C04-B8ECC94E7C73.jpg,
87D3041F-E0D3-4B7E-8C8A-A63FA0208F60,images/87D3041F-E0D3-4B7E-8C8A-A63FA0208F60.jpg,
87D87844-C57F-40D1-8944-B5FDFC7ADBDD,images/87D87844-C57F-40D1-8944-B5FDFC7ADBDD.jpg,
87D9E11A-291C-4BAA-8FD5-FEE6EDAF060E,images/87D9E11A-291C-4BAA-8FD5-FEE6EDAF060E.jpg,
87DAA9C7-E2F0-4B18-B117-9D8A8D266A42,images/87DAA9C7-E2F0-4B18-B117-9D8A8D266A42.jpg,
88008F97-2382-4D25-B54F-96480B4E7D3D,images/88008F97-2382-4D25-B54F-96480B4E7D3D.jpg,
887732F6-F086-4395-B6FE-15ED1855ABE1,images/887732F6-F086-4395-B6FE-15ED1855ABE1.jpg,
88BBD67F-921F-43B6-A120-53F1F0F2E314,images/88BBD67F-921F-43B6-A120-53F1F0F2E314.jpg,
88FE0308-E4E2-4416-9D39-2187F76CD1A1,images/88FE0308-E4E2-4416-9D39-2187F76CD1A1.jpg,
8928335F-7560-4436-93C7-EBE252D52157,images/8928335F-7560-4436-93C7-EBE252D52157.jpg,
89A18229-6DAE-47B5-BD91-95FF1B882C0D,images/89A18229-6DAE-47B5-BD91-95FF1B882C0D.jpg,
89C1A73A-EEB0-4BB6-8990-E9F70CC625D7,images/89C1A73A-EEB0-4BB6-8990-E9F70CC625D7.jpg,
89DDC73C-5CD6-4C67-BE8C-494F881603D1,images/89DDC73C-5CD6-4C67-BE8C-494F881603D1.jpg,
8A3C5AEA-1B14-48AE-AB62-B8F8BDB8252D,images/8A3C5AEA-1B14-48AE-AB62-B8F8BDB8252D.jpg,
8A6EB471-09DC-43B1-9523-D692C400FAD4,images/8A6EB471-09DC-43B1-9523-D692C400FAD4.jpg,
8A7C7B3B-7DA7-4C6B-940D-9BA418D99202,images/8A7C7B3B-7DA7-4C6B-940D-9BA418D99202.jpg,
8A9B84D0-39C2-401B-8919-357977633327,images/8A9B84D0-39C2-401B-8919-357977633327.jpg,
8A9CCA70-FB1B-49F4-8572-8236BDD4CE2C,images/8A9CCA70-FB1B-49F4-8572-8236BDD4CE2C.jpg,
8AC98BC2-D79F-4984-9A5B-E34F71E0A001,images/8AC98BC2-D79F-4984-9A5B-E34F71E0A001.jpg,
8ACD6DC6-7225-4216-96A4-06D2F0C593D5,images/8ACD6DC6-7225-4216-96A4-06D2F0C593D5.jpg,
8B4436A6-B19D-44BC-91B9-175E09497D9E,images/8B4436A6-B19D-44BC-91B9-175E09497D9E.jpg,
8B56CEB0-CB9A-42ED-B9FC-9D8B59FFE372,images/8B56CEB0-CB9A-42ED-B9FC-9D8B59FFE372.jpg,
8B7BCAFC-98BB-47FD-A65D-CB737E114B8A,images/8B7BCAFC-98BB-47FD-A65D-CB737E114B8A.jpg,
8BA38F3C-5C27-42CC-B49A-3B6D29FE0FEF,images/8BA38F3C-5C27-42CC-B49A-3B6D29FE0FEF.jpg,
8C3BE836-1DF7-409A-B9FF-FD20A2AF6470,images/8C3BE836-1DF7-409A-B9FF-FD20A2AF6470.jpg,
8C611A14-1BE8-47B9-BE47-BDF8A66FCE36,images/8C611A14-1BE8-47B9-BE47-BDF8A66FCE36.jpg,
8CFB0EDB-210F-41D8-AEE7-762091C0A1FB,images/8CFB0EDB-210F-41D8-AEE7-762091C0A1FB.jpg,
8DD9065A-F8B4-4CB7-BAF4-A7058E5CE8E2,images/8DD9065A-F8B4-4CB7-BAF4-A7058E5CE8E2.jpg,
8DE4FDB2-34EC-4B42-A1A9-BA5C24D8173C,images/8DE4FDB2-34EC-4B42-A1A9-BA5C24D8173C.jpg,
8E35FE28-023B-4F96-958E-E788FC3D2A29,images/8E35FE28-023B-4F96-958E-E788FC3D2A29.jpg,
8E37E6E1-46E2-4743-97B6-5669C3C29214,images/8E37E6E1-46E2-4743-97B6-5669C3C29214.jpg,
8E6A0A8E-4C76-4AA3-9E8E-EF65755B383A,images/8E6A0A8E-4C76-4AA3-9E8E-EF65755B383A.jpg,
8E826672-6657-4972-A87A-A2C4A3BFF572,images/8E826672-6657-4972-A87A-A2C4A3BFF572.jpg,
8EA95663-B201-43B7-B8D6-3DE87E7114F1,images/8EA95663-B201-43B7-B8D6-3DE87E7114F1.jpg,
8EEB3939-04DC-4993-8688-81CD98F92001,images/8EEB3939-04DC-4993-8688-81CD98F92001.jpg,
8F0E3712-CE45-4695-AAE6-4DD8BDB74E9F,images/8F0E3712-CE45-4695-AAE6-4DD8BDB74E9F.jpg,
8F0E3AE4-4B23-4507-9D89-F6FB97F32B8D,images/8F0E3AE4-4B23-4507-9D89-F6FB97F32B8D.jpg,
8FD2F1FF-B46A-41EA-A737-95EEFBCA7888,images/8FD2F1FF-B46A-41EA-A737-95EEFBCA7888.jpg,
9019619D-19A6-42C2-9048-4F6540E720C8,images/9019619D-19A6-42C2-9048-4F6540E720C8.jpg,
9035C3C6-A4DF-4C6F-99D6-E562859B562F,images/9035C3C6-A4DF-4C6F-99D6-E562859B562F.jpg,
90CD5422-A2E0-486F-93F3-7A1EACEAAED8,images/90CD5422-A2E0-486F-93F3-7A1EACEAAED8.jpg,
9129995E-06AC-4C69-A264-81E1CFB51BEE,images/9129995E-06AC-4C69-A264-81E1CFB51BEE.jpg,
9155F579-D892-4D2E-81ED-D5970CD0BAD7,images/9155F579-D892-4D2E-81ED-D5970CD0BAD7.jpg,
91AAEF5E-C17E-4BD0-836C-477890F96180,images/91AAEF5E-C17E-4BD0-836C-477890F96180.jpg,
92A55474-5612-40DD-9498-1273E6353150,images/92A55474-5612-40DD-9498-1273E6353150.jpg,
933D769F-DD2D-496C-A910-0B42887E7082,images/933D769F-DD2D-496C-A910-0B42887E7082.jpg,
9352A9D3-91AD-48B6-823D-FD0BE7753BCA,images/9352A9D3-91AD-48B6-823D-FD0BE7753BCA.jpg,
935CBC21-DA26-477E-8622-50B650860938,images/935CBC21-DA26-477E-8622-50B650860938.jpg,
9424FA23-4F75-49DC-969A-475DF30AB577,images/9424FA23-4F75-49DC-969A-475DF30AB577.jpg,
94269B20-BAAD-4E54-99A8-E818D8FDCE1E,images/94269B20-BAAD-4E54-99A8-E818D8FDCE1E.jpg,
94BCD7C9-E280-49EB-800F-E8BD1D10BFF4,images/94BCD7C9-E280-49EB-800F-E8BD1D10BFF4.jpg,
9521BDEC-F6D8-4882-8CFB-FB1B6A11EB34,images/9521BDEC-F6D8-4882-8CFB-FB1B6A11EB34.jpg,
95F3E9BB-EBF8-4A4E-92C1-7A9222374CA3,images/95F3E9BB-EBF8-4A4E-92C1-7A9222374CA3.jpg,
967D62F9-F73A-4976-8164-BFF11B9A1FCD,images/967D62F9-F73A-4976-8164-BFF11B9A1FCD.jpg,
96B4CAE5-DF4D-44FF-AA17-33D6215E5D62,images/96B4CAE5-DF4D-44FF-AA17-33D6215E5D62.jpg,
96E9DD10-0891-4DDE-A245-ACF0887806AC,images/96E9DD10-0891-4DDE-A245-ACF0887806AC.jpg,
9704478A-E518-4C29-99CE-06AF595B9124,images/9704478A-E518-4C29-99CE-06AF595B9124.jpg,
977077F0-7D58-4753-90D7-1BA3E8F69099,images/977077F0-7D58-4753-90D7-1BA3E8F69099.jpg,
97C456D4-CB33-4EA6-A1DA-4CB2B34CDDF9,images/97C456D4-CB33-4EA6-A1DA-4CB2B34CDDF9.jpg,
9877D14E-3750-4DAC-9AB5-8065DD6B5EC3,images/9877D14E-3750-4DAC-9AB5-8065DD6B5EC3.jpg,
99297373-B23D-4B08-BFD1-23DB68A693F4,images/99297373-B23D-4B08-BFD1-23DB68A693F4.jpg,
994B3051-EAE5-4FDB-9BB3-9B8E951B7608,images/994B3051-EAE5-4FDB-9BB3-9B8E951B7608.jpg,
994BF2C5-C2E6-47C2-A4CC-2502941F59A9,images/994BF2C5-C2E6-47C2-A4CC-2502941F59A9.jpg,
995E92A3-A145-413B-BF57-CB9821CB89C1,images/995E92A3-A145-413B-BF57-CB9821CB89C1.jpg,
997F856A-84C1-4CF1-86DC-7863A3FFCE2B,images/997F856A-84C1-4CF1-86DC-7863A3FFCE2B.jpg,
99813076-A852-4C16-BEF5-7F73D76286F5,images/99813076-A852-4C16-BEF5-7F73D76286F5.jpg,
9996AC99-C8F2-4782-881D-5AA81AACF472,images/9996AC99-C8F2-4782-881D-5AA81AACF472.jpg,
99CF1655-22F0-4A20-BB34-0F6030200279,images/99CF1655-22F0-4A20-BB34-0F6030200279.jpg,
9A024171-D3BE-4BFD-B37E-C0FAFEEE01BE,images/9A024171-D3BE-4BFD-B37E-C0FAFEEE01BE.jpg,
9A399DA2-015B-473B-B07A-0B36B650A948,images/9A399DA2-015B-473B-B07A-0B36B650A948.jpg,
9AFBB1D8-A05E-4A2A-950B-8FBE16EF8014,images/9AFBB1D8-A05E-4A2A-950B-8FBE16EF8014.jpg,
9B002826-332C-4F5C-8951-9F1E4402630D,images/9B002826-332C-4F5C-8951-9F1E4402630D.jpg,
9B014EC1-5F3F-4DAB-8D12-F7331991F573,images/9B014EC1-5F3F-4DAB-8D12-F7331991F573.jpg,
9B3CEE44-3099-4770-9EEC-9FD142AF45BD,images/9B3CEE44-3099-4770-9EEC-9FD142AF45BD.jpg,
9BAFB324-D688-4E30-B3A8-3F1CE9F60814,images/9BAFB324-D688-4E30-B3A8-3F1CE9F60814.jpg,
9BD876DF-A4E8-4BD4-B851-DCB0FAE2B080,images/9BD876DF-A4E8-4BD4-B851-DCB0FAE2B080.jpg,
9BFEA542-6D69-4A1A-8D14-F899ECE86E18,images/9BFEA542-6D69-4A1A-8D14-F899ECE86E18.jpg,
9C1C18C6-83B1-407D-91FD-078CC0164E86,images/9C1C18C6-83B1-407D-91FD-078CC0164E86.jpg,
9C272106-DE80-4CC1-AF3C-8FE449967F58,images/9C272106-DE80-4CC1-AF3C-8FE449967F58.jpg,
9C76D782-B22C-4F17-AC40-FEFC2708E996,images/9C76D782-B22C-4F17-AC40-FEFC2708E996.jpg,
9C80A45E-C1FF-46F6-BC1A-90E573012570,images/9C80A45E-C1FF-46F6-BC1A-90E573012570.jpg,
9C907507-4708-4C1D-A981-E5590FD74DE0,images/9C907507-4708-4C1D-A981-E5590FD74DE0.jpg,
9CBE9636-40DA-49F3-AF10-82EA4931A29E,images/9CBE9636-40DA-49F3-AF10-82EA4931A29E.jpg,
9CD50152-7DE5-4C17-B8B2-0FDF0F8B65A0,images/9CD50152-7DE5-4C17-B8B2-0FDF0F8B65A0.jpg,
9CEAB91F-E9FA-469E-9F07-CBCBFD2D0D8C,images/9CEAB91F-E9FA-469E-9F07-CBCBFD2D0D8C.jpg,
9CFAEFA8-EBDB-463F-A993-036ACEE06163,images/9CFAEFA8-EBDB-463F-A993-036ACEE06163.jpg,
9DFC1E7E-4BE2-4555-A087-A08BC6E840E0,images/9DFC1E7E-4BE2-4555-A087-A08BC6E840E0.jpg,
9E0AE207-4B31-4D3E-B2BD-F44B54160451,images/9E0AE207-4B31-4D3E-B2BD-F44B54160451.jpg,
9E5DCE3D-B556-424F-8990-623D57C214C1,images/9E5DCE3D-B556-424F-8990-623D57C214C1.jpg,
9E6B9055-AA22-49B1-BE01-230662CF8E32,images/9E6B9055-AA22-49B1-BE01-230662CF8E32.jpg,
9E74FAE9-A853-43EF-8C8C-EA5B437A698E,images/9E74FAE9-A853-43EF-8C8C-EA5B437A698E.jpg,
9E7837FE-9A8B-4BFE-81CB-D6E752ADEBB1,images/9E7837FE-9A8B-4BFE-81CB-D6E752ADEBB1.jpg,
9E9FCB93-91C4-43F7-9378-66E4E10B37E2,images/9E9FCB93-91C4-43F7-9378-66E4E10B37E2.jpg,
9EBEB7B9-E390-481C-9720-A39B32CD4C00,images/9EBEB7B9-E390-481C-9720-A39B32CD4C00.jpg,
9F10921F-73C4-4C0D-B7A7-4A108D29A66D,images/9F10921F-73C4-4C0D-B7A7-4A108D29A66D.jpg,
9F9FB328-8CC3-4875-86CC-040CB4F21B5D,images/9F9FB328-8CC3-4875-86CC-040CB4F21B5D.jpg,
A00570BE-8343-47E6-BD56-217B72055871,images/A00570BE-8343-47E6-BD56-217B72055871.jpg,
A00BBBCC-79B8-4E71-81F3-89FA56113FF8,images/A00BBBCC-79B8-4E71-81F3-89FA56113FF8.jpg,
A036A13E-C523-45B2-B1D9-78D5C46042C4,images/A036A13E-C523-45B2-B1D9-78D5C46042C4.jpg,
A0444277-E896-4E66-8DD1-A0347C8734C2,images/A0444277-E896-4E66-8DD1-A0347C8734C2.jpg,
A07D5F76-5ADE-4694-A68C-71E00A992D51,images/A07D5F76-5ADE-4694-A68C-71E00A992D51.jpg,
A09137A3-4591-44E3-8D59-745CB8122B4C,images/A09137A3-4591-44E3-8D59-745CB8122B4C.jpg,
A15CC0E6-89B5-4464-9E02-674CACF86D74,images/A15CC0E6-89B5-4464-9E02-674CACF86D74.jpg,
A1F49B6D-FD9D-48DC-B4E2-764AB1BC8976,images/A1F49B6D-FD9D-48DC-B4E2-764AB1BC8976.jpg,
A21A80ED-01C4-42FB-B529-F56CEB476A5B,images/A21A80ED-01C4-42FB-B529-F56CEB476A5B.jpg,
A25913D4-51DB-454C-91B9-4F5F0E77089D,images/A25913D4-51DB-454C-91B9-4F5F0E77089D.jpg,
A28C0C8C-21BA-4FAC-AA6C-CABD5BF2397E,images/A28C0C8C-21BA-4FAC-AA6C-CABD5BF2397E.jpg,
A328037D-0500-40DA-A5A3-2CDC2F219515,images/A328037D-0500-40DA-A5A3-2CDC2F219515.jpg,
A37B7D14-2C8B-4E29-9D4C-5D1CEC1E2698,images/A37B7D14-2C8B-4E29-9D4C-5D1CEC1E2698.jpg,
A38F91EA-53E0-45BF-9163-A068B06551C2,images/A38F91EA-53E0-45BF-9163-A068B06551C2.jpg,
A3BD1113-ACEB-4740-A35E-C14B6CFEDA07,images/A3BD1113-ACEB-4740-A35E-C14B6CFEDA07.jpg,
A415C669-6A7B-43C4-8100-41C0BACD7472,images/A415C669-6A7B-43C4-8100-41C0BACD7472.jpg,
A42A8D2E-CC8F-4C3A-8BCC-E28F1AD8A148,images/A42A8D2E-CC8F-4C3A-8BCC-E28F1AD8A148.jpg,
A4B39A36-1C37-409B-B8E8-1ED94A4D8B2E,images/A4B39A36-1C37-409B-B8E8-1ED94A4D8B2E.jpg,
A4BA294F-87DE-4C03-A7BD-E9767FA1CD7B,images/A4BA294F-87DE-4C03-A7BD-E9767FA1CD7B.jpg,
A4DA613F-93C4-42C6-A92F-2CCD27EC83FB,images/A4DA613F-93C4-42C6-A92F-2CCD27EC83FB.jpg,
A4E4A387-52FB-4D49-9B10-FAF37F0E535C,images/A4E4A387-52FB-4D49-9B10-FAF37F0E535C.jpg,
A4F95169-2043-4F83-A7A5-A20F20D7DA06,images/A4F95169-2043-4F83-A7A5-A20F20D7DA06.jpg,
A5397A79-D166-4F09-8378-31607F0A2DE4,images/A5397A79-D166-4F09-8378-31607F0A2DE4.jpg,
A5EFDD02-9524-4E92-8396-E5BAF651B22D,images/A5EFDD02-9524-4E92-8396-E5BAF651B22D.jpg,
A6001E49-C406-4F21-8FFE-10417D838ED5,images/A6001E49-C406-4F21-8FFE-10417D838ED5.jpg,
A6052A9F-9257-4089-AD8B-F4D5A1D085C7,images/A6052A9F-9257-4089-AD8B-F4D5A1D085C7.jpg,
A66177A2-E305-4969-B06D-27AC611834DC,images/A66177A2-E305-4969-B06D-27AC611834DC.jpg,
A692ED3F-9EA9-4FA7-AB91-E830BE0AEB28,images/A692ED3F-9EA9-4FA7-AB91-E830BE0AEB28.jpg,
A6CB228C-2E99-4CFD-91F4-96C47F6DF846,images/A6CB228C-2E99-4CFD-91F4-96C47F6DF846.jpg,
A6DECB8C-0D20-45D6-AF89-2B6AE53420D7,images/A6DECB8C-0D20-45D6-AF89-2B6AE53420D7.jpg,
A70DF7B1-066D-4C63-B1B2-C18EA31BE05B,images/A70DF7B1-066D-4C63-B1B2-C18EA31BE05B.jpg,
A750326B-DEB8-4395-825F-CD296DDEEB38,images/A750326B-DEB8-4395-825F-CD296DDEEB38.jpg,
A78604C1-25D9-412F-B275-D17DF525DF74,images/A78604C1-25D9-412F-B275-D17DF525DF74.jpg,
A80090E9-43D4-46DC-AC41-E2333F127B95,images/A80090E9-43D4-46DC-AC41-E2333F127B95.jpg,
A81AC9DF-CA5D-44EE-892A-A4D1592AB673,images/A81AC9DF-CA5D-44EE-892A-A4D1592AB673.jpg,
A8776586-C1DC-4998-BA98-54CF0378156C,images/A8776586-C1DC-4998-BA98-54CF0378156C.jpg,
A8862063-2AE2-4F93-8B1A-A41462060F29,images/A8862063-2AE2-4F93-8B1A-A41462060F29.jpg,
A948A783-2F00-46A3-871D-5FF7948D90EA,images/A948A783-2F00-46A3-871D-5FF7948D90EA.jpg,
A963FA1D-F62E-4A27-98B0-016DBCAB6DD7,images/A963FA1D-F62E-4A27-98B0-016DBCAB6DD7.jpg,
A96E8069-A699-4AFD-B5EB-4E43250DC979,images/A96E8069-A699-4AFD-B5EB-4E43250DC979.jpg,
A9733938-DE55-4E66-BB1C-EA39517D1440,images/A9733938-DE55-4E66-BB1C-EA39517D1440.jpg,
A981C285-CB5D-46B1-8715-E60AC873A5CD,images/A981C285-CB5D-46B1-8715-E60AC873A5CD.jpg,
A999EA0C-406A-4F64-953B-3639ECA2CD4C,images/A999EA0C-406A-4F64-953B-3639ECA2CD4C.jpg,
AA5DDF30-C986-4E4C-8932-82B4FFE13102,images/AA5DDF30-C986-4E4C-8932-82B4FFE13102.jpg,
AAC609AA-CF3E-43F1-B64A-350881490DD9,images/AAC609AA-CF3E-43F1-B64A-350881490DD9.jpg,
AB228F09-A99F-458D-99B4-828A345E1279,images/AB228F09-A99F-458D-99B4-828A345E1279.jpg,
ABBE9D3C-9962-4993-95BD-3F203AD6E69B,images/ABBE9D3C-9962-4993-95BD-3F203AD6E69B.jpg,
ABE21DE0-A0C4-4588-B285-B55EA2ED6AAF,images/ABE21DE0-A0C4-4588-B285-B55EA2ED6AAF.jpg,
ABEDEDA5-2C34-4792-AC6B-BB9138606A53,images/ABEDEDA5-2C34-4792-AC6B-BB9138606A53.jpg,
ABFEC697-4C10-44D4-BE1A-376BC7BB8964,images/ABFEC697-4C10-44D4-BE1A-376BC7BB8964.jpg,
AC01E053-D7AD-4B3C-AC09-665323EF6C56,images/AC01E053-D7AD-4B3C-AC09-665323EF6C56.jpg,
AC1EB734-D112-4DDE-B5B1-094B1D720FDD,images/AC1EB734-D112-4DDE-B5B1-094B1D720FDD.jpg,
AC3B688F-48AA-45A5-BECE-7C752E567363,images/AC3B688F-48AA-45A5-BECE-7C752E567363.jpg,
AC4B59C6-E928-406C-B57E-3CCF1B3F5101,images/AC4B59C6-E928-406C-B57E-3CCF1B3F5101.jpg,
AC6AE523-02A9-4E83-9D43-4EE75BCA7917,images/AC6AE523-02A9-4E83-9D43-4EE75BCA7917.jpg,
AC776D6E-D637-4EA7-BDE4-BB8F3A271AEC,images/AC776D6E-D637-4EA7-BDE4-BB8F3A271AEC.jpg,
ACB8C034-9B67-4D4B-90A4-DC2AE15A86A7,images/ACB8C034-9B67-4D4B-90A4-DC2AE15A86A7.jpg,
ACC94A14-5727-48EF-85F7-FFEB85538C31,images/ACC94A14-5727-48EF-85F7-FFEB85538C31.jpg,
ACE981AE-D3D9-4385-83EC-52E168E7F316,images/ACE981AE-D3D9-4385-83EC-52E168E7F316.jpg,
AD02CE87-F879-4901-959D-15D8CE20C43F,images/AD02CE87-F879-4901-959D-15D8CE20C43F.jpg,
AD05D388-8834-41D7-AD25-165E0B30AA6F,images/AD05D388-8834-41D7-AD25-165E0B30AA6F.jpg,
AD8187D6-680F-46AE-B89C-935262620336,images/AD8187D6-680F-46AE-B89C-935262620336.jpg,
AE116BD1-38D6-4BB2-95EC-3B678B8959A1,images/AE116BD1-38D6-4BB2-95EC-3B678B8959A1.jpg,
AE120F1E-303F-48F9-8DB8-590055357F8D,images/AE120F1E-303F-48F9-8DB8-590055357F8D.jpg,
AE1A8A07-B52E-48E1-81A2-3A3E389BC5B3,images/AE1A8A07-B52E-48E1-81A2-3A3E389BC5B3.jpg,
AE1EDC08-5FD5-41B4-A11F-C71749A0106F,images/AE1EDC08-5FD5-41B4-A11F-C71749A0106F.jpg,
AE597D09-DC44-4DAE-9BC4-B5F269907336,images/AE597D09-DC44-4DAE-9BC4-B5F269907336.jpg,
AE902FC9-5380-472E-8BEF-A912BF825862,images/AE902FC9-5380-472E-8BEF-A912BF825862.jpg,
AF04EB5A-C607-4F9D-AEB3-F47DD9862277,images/AF04EB5A-C607-4F9D-AEB3-F47DD9862277.jpg,
B07DAA2F-9473-4ACD-B674-A114859D2B19,images/B07DAA2F-9473-4ACD-B674-A114859D2B19.jpg,
B08DCEAF-643D-4CB8-ADE8-F4B05F8F0672,images/B08DCEAF-643D-4CB8-ADE8-F4B05F8F0672.jpg,
B0C0A051-7440-4B24-9262-3ADEF6C02412,images/B0C0A051-7440-4B24-9262-3ADEF6C02412.jpg,
B0F8E43B-58CC-4107-8143-0B0AE322B5D3,images/B0F8E43B-58CC-4107-8143-0B0AE322B5D3.jpg,
B14AE7B2-C172-460C-8272-2320D71829F1,images/B14AE7B2-C172-460C-8272-2320D71829F1.jpg,
B15CFB72-AF5C-4874-B9D9-617CB82AF8F5,images/B15CFB72-AF5C-4874-B9D9-617CB82AF8F5.jpg,
B1635E01-3D3D-4D40-93BE-D2A015192DE3,images/B1635E01-3D3D-4D40-93BE-D2A015192DE3.jpg,
B1CBD91D-4333-481C-B127-2BFC48CCC18F,images/B1CBD91D-4333-481C-B127-2BFC48CCC18F.jpg,
B25ECBBD-C818-4609-8434-C6B9627960EC,images/B25ECBBD-C818-4609-8434-C6B9627960EC.jpg,
B2898521-A50F-4C4C-9119-DBE6E437451E,images/B2898521-A50F-4C4C-9119-DBE6E437451E.jpg,
B3148733-1B8D-43C4-A5E6-D69D1CEADD7B,images/B3148733-1B8D-43C4-A5E6-D69D1CEADD7B.jpg,
B322C487-BEF1-4B56-ACDD-45756A333DC2,images/B322C487-BEF1-4B56-ACDD-45756A333DC2.jpg,
B39B6683-CA26-46BD-AEBF-46A2DBDF4038,images/B39B6683-CA26-46BD-AEBF-46A2DBDF4038.jpg,
B3BA558A-F439-4783-BC22-1B2279E5C1BD,images/B3BA558A-F439-4783-BC22-1B2279E5C1BD.jpg,
B3D0FE44-2A5C-4834-AD85-78D56DE1F120,images/B3D0FE44-2A5C-4834-AD85-78D56DE1F120.jpg,
B484C200-F7EE-425A-89CC-D9E136A80EF1,images/B484C200-F7EE-425A-89CC-D9E136A80EF1.jpg,
B4D1D78B-B88E-4B71-A44A-678E0396498A,images/B4D1D78B-B88E-4B71-A44A-678E0396498A.jpg,
B51F0816-F9E7-402E-9B5F-6C51D29AF962,images/B51F0816-F9E7-402E-9B5F-6C51D29AF962.jpg,
B5D2977B-BCF2-4ECF-8F0A-B2C6A9297BAC,images/B5D2977B-BCF2-4ECF-8F0A-B2C6A9297BAC.jpg,
B5DB3C72-7078-439F-8D1C-0A15ABCE9D86,images/B5DB3C72-7078-439F-8D1C-0A15ABCE9D86.jpg,
B5FCB5DC-EA87-40C5-BF20-9B7134A279CB,images/B5FCB5DC-EA87-40C5-BF20-9B7134A279CB.jpg,
B69B63F2-F1B2-407E-AB5B-E9317E7A64BB,images/B69B63F2-F1B2-407E-AB5B-E9317E7A64BB.jpg,
B69F01F0-3329-4A7D-B903-85699A3B8A36,images/B69F01F0-3329-4A7D-B903-85699A3B8A36.jpg,
B6A09E09-D4BE-4676-B8FF-1599B62F729F,images/B6A09E09-D4BE-4676-B8FF-1599B62F729F.jpg,
B6C752F4-F199-4073-8679-0D4193037CEC,images/B6C752F4-F199-4073-8679-0D4193037CEC.jpg,
B6F1A80B-0606-40E6-BB75-1D8B48BDE9B4,images/B6F1A80B-0606-40E6-BB75-1D8B48BDE9B4.jpg,
B723BE9B-AAE2-45D5-8145-99DA25D12D8B,images/B723BE9B-AAE2-45D5-8145-99DA25D12D8B.jpg,
B798C64A-A110-4B7D-A398-C2BB882A4F6B,images/B798C64A-A110-4B7D-A398-C2BB882A4F6B.jpg,
B7AAA257-5965-478E-9542-3BE1B6A67EDD,images/B7AAA257-5965-478E-9542-3BE1B6A67EDD.jpg,
B8067B7F-1003-4C70-B4D4-68DEA59B43DF,images/B8067B7F-1003-4C70-B4D4-68DEA59B43DF.jpg,
B8A96472-04EE-4BE9-B16D-2C07F9F63DA8,images/B8A96472-04EE-4BE9-B16D-2C07F9F63DA8.jpg,
B9B44F88-60E9-4FFD-9F5D-53CDDA35D0DB,images/B9B44F88-60E9-4FFD-9F5D-53CDDA35D0DB.jpg,
B9BDA472-4DCB-456C-89F9-27C62117CE17,images/B9BDA472-4DCB-456C-89F9-27C62117CE17.jpg,
B9CA226D-B634-43C6-8863-5EF1C5086F9E,images/B9CA226D-B634-43C6-8863-5EF1C5086F9E.jpg,
B9DFC9C2-83BD-49D1-B5A2-A94CA953866D,images/B9DFC9C2-83BD-49D1-B5A2-A94CA953866D.jpg,
B9EF5209-83D4-4ACE-AB58-5933C9F5954D,images/B9EF5209-83D4-4ACE-AB58-5933C9F5954D.jpg,
BA80AFA2-D1C0-4769-9B1B-841A36DEDBC3,images/BA80AFA2-D1C0-4769-9B1B-841A36DEDBC3.jpg,
BA963795-1A02-4924-A7F5-06A428817E22,images/BA963795-1A02-4924-A7F5-06A428817E22.jpg,
BB57E4F9-ED68-4734-99C9-69E0C2C78C4E,images/BB57E4F9-ED68-4734-99C9-69E0C2C78C4E.jpg,
BB6F9263-640B-4D97-99E7-37D4757FA285,images/BB6F9263-640B-4D97-99E7-37D4757FA285.jpg,
BBA69DD7-A832-4DF7-9C80-FD3C69EC34C8,images/BBA69DD7-A832-4DF7-9C80-FD3C69EC34C8.jpg,
BBBAA4B0-899E-4D33-BF42-EB1B805A97E7,images/BBBAA4B0-899E-4D33-BF42-EB1B805A97E7.jpg,
BBE83D75-CC01-4E66-9D9C-DD5F9E70EAC4,images/BBE83D75-CC01-4E66-9D9C-DD5F9E70EAC4.jpg,
BC0A1023-CF52-4FCA-8E9E-7F8310CD2691,images/BC0A1023-CF52-4FCA-8E9E-7F8310CD2691.jpg,
BC218C19-6F06-4836-A241-D06AD5D5E047,images/BC218C19-6F06-4836-A241-D06AD5D5E047.jpg,
BC9B4073-CF63-451B-8CFD-FB9060FC17EA,images/BC9B4073-CF63-451B-8CFD-FB9060FC17EA.jpg,
BCEBA15D-FB2A-4388-8CF7-D0388FB43442,images/BCEBA15D-FB2A-4388-8CF7-D0388FB43442.jpg,
BCF00365-ED3E-43B9-9995-78A89A70475D,images/BCF00365-ED3E-43B9-9995-78A89A70475D.jpg,
BD559049-B823-4F2B-9CE8-D5C0EBF60DB4,images/BD559049-B823-4F2B-9CE8-D5C0EBF60DB4.jpg,
BD58EB2E-F0F4-4ECE-889B-BD1EF7EE712F,images/BD58EB2E-F0F4-4ECE-889B-BD1EF7EE712F.jpg,
BD627CB0-C1B8-4C42-A1E9-771DE799B6F1,images/BD627CB0-C1B8-4C42-A1E9-771DE799B6F1.jpg,
BDA3F646-D362-4D86-B41D-B48F8B574167,images/BDA3F646-D362-4D86-B41D-B48F8B574167.jpg,
BDD8F0CE-4A04-49BD-9458-B0AA3A23096D,images/BDD8F0CE-4A04-49BD-9458-B0AA3A23096D.jpg,
BDF223A6-7B4C-4143-8AB1-9CBEB37196E4,images/BDF223A6-7B4C-4143-8AB1-9CBEB37196E4.jpg,
BE0BACA1-68DD-4C29-A257-3BB1FF8EC6EA,images/BE0BACA1-68DD-4C29-A257-3BB1FF8EC6EA.jpg,
BE3502D1-2731-47E7-AC38-EB57B4D5233A,images/BE3502D1-2731-47E7-AC38-EB57B4D5233A.jpg,
BE504EE4-B05C-4708-8CBF-1140D9CB8F01,images/BE504EE4-B05C-4708-8CBF-1140D9CB8F01.jpg,
BE70BB53-6A53-4A30-9905-F2944D9BD127,images/BE70BB53-6A53-4A30-9905-F2944D9BD127.jpg,
BEA2901F-519B-4A94-9192-ED5F44D3A7FC,images/BEA2901F-519B-4A94-9192-ED5F44D3A7FC.jpg,
BEE4A81D-53DE-4F09-950B-70699E96616E,images/BEE4A81D-53DE-4F09-950B-70699E96616E.jpg,
BFBBC489-80ED-4C74-9D6C-6CE3F0305F21,images/BFBBC489-80ED-4C74-9D6C-6CE3F0305F21.jpg,
C07EB74D-A34B-4238-BA29-36081F304EE0,images/C07EB74D-A34B-4238-BA29-36081F304EE0.jpg,
C0AC217A-6A45-4C39-A001-D5B0F73872A2,images/C0AC217A-6A45-4C39-A001-D5B0F73872A2.jpg,
C0D4C27B-F66A-42DA-99DB-588C2592E8CF,images/C0D4C27B-F66A-42DA-99DB-588C2592E8CF.jpg,
C127BA8B-1D38-41B0-806B-E04A63FC2116,images/C127BA8B-1D38-41B0-806B-E04A63FC2116.jpg,
C17128D6-7A00-484B-97BA-88143093522A,images/C17128D6-7A00-484B-97BA-88143093522A.jpg,
C1DBA43D-5BC8-4BC0-AF24-1D0D0266A79D,images/C1DBA43D-5BC8-4BC0-AF24-1D0D0266A79D.jpg,
C1E09176-8027-4C2A-AAD0-D2E2FFD061AC,images/C1E09176-8027-4C2A-AAD0-D2E2FFD061AC.jpg,
C20CBB96-FFF6-4A97-9D4D-D4CEC5A8E3A6,images/C20CBB96-FFF6-4A97-9D4D-D4CEC5A8E3A6.jpg,
C23CCA18-8892-4DC2-A6AC-928807932D8A,images/C23CCA18-8892-4DC2-A6AC-928807932D8A.jpg,
C3030551-635C-4924-8218-8D3887E96A90,images/C3030551-635C-4924-8218-8D3887E96A90.jpg,
C31924BB-ABAA-4C1D-AD35-36B9CD631C51,images/C31924BB-ABAA-4C1D-AD35-36B9CD631C51.jpg,
C359FA68-8AF1-4696-8D67-D130411F66BC,images/C359FA68-8AF1-4696-8D67-D130411F66BC.jpg,
C398A8C5-A737-4A44-BF52-4CF34489EB6B,images/C398A8C5-A737-4A44-BF52-4CF34489EB6B.jpg,
C3A5A8DC-47E5-409D-9E79-7FDC2CFC8CCE,images/C3A5A8DC-47E5-409D-9E79-7FDC2CFC8CCE.jpg,
C3A9C4FE-38FC-4391-AF5A-1FCF9EC5879E,images/C3A9C4FE-38FC-4391-AF5A-1FCF9EC5879E.jpg,
C3C51759-BEFE-44F2-94C3-F51AFC904FED,images/C3C51759-BEFE-44F2-94C3-F51AFC904FED.jpg,
C4267783-F367-4A1D-B940-2C4102898F37,images/C4267783-F367-4A1D-B940-2C4102898F37.jpg,
C48C2526-CFD5-4242-BA78-0999A4346994,images/C48C2526-CFD5-4242-BA78-0999A4346994.jpg,
C49EB19B-761E-4B4E-BEF9-4E335E0F7CFD,images/C49EB19B-761E-4B4E-BEF9-4E335E0F7CFD.jpg,
C4AEF97E-844D-4284-8F47-EAE0F0A314DA,images/C4AEF97E-844D-4284-8F47-EAE0F0A314DA.jpg,
C506625A-89F6-4658-A5D7-E33A1D2413B3,images/C506625A-89F6-4658-A5D7-E33A1D2413B3.jpg,
C520B52D-4B62-4103-A9FD-1188F89D720D,images/C520B52D-4B62-4103-A9FD-1188F89D720D.jpg,
C57CEC8E-75D4-490C-A6E0-FA7EC6F7A596,images/C57CEC8E-75D4-490C-A6E0-FA7EC6F7A596.jpg,
C5939ACF-84EE-40D1-8F5A-623B7E259C75,images/C5939ACF-84EE-40D1-8F5A-623B7E259C75.jpg,
C59D50FD-F527-4CBA-BFC6-673B7A0F3002,images/C59D50FD-F527-4CBA-BFC6-673B7A0F3002.jpg,
C59D9122-F10F-4A20-85F5-8254CA9D8A24,images/C59D9122-F10F-4A20-85F5-8254CA9D8A24.jpg,
C5A286A3-B382-4F42-92D4-00B87D6FBB38,images/C5A286A3-B382-4F42-92D4-00B87D6FBB38.jpg,
C5C724EF-B747-46A0-B86E-B8A476A73EEE,images/C5C724EF-B747-46A0-B86E-B8A476A73EEE.jpg,
C5D3EBCA-A503-4821-BC6A-97642DF72067,images/C5D3EBCA-A503-4821-BC6A-97642DF72067.jpg,
C6072C5B-0898-466B-9055-E248D127E89C,images/C6072C5B-0898-466B-9055-E248D127E89C.jpg,
C616D365-5D1C-4248-BC5E-8E718205ED69,images/C616D365-5D1C-4248-BC5E-8E718205ED69.jpg,
C62D5A4F-2BE0-46E3-81A9-3EA15FF859FE,images/C62D5A4F-2BE0-46E3-81A9-3EA15FF859FE.jpg,
C658C005-45B1-46AB-9055-190DAD81997D,images/C658C005-45B1-46AB-9055-190DAD81997D.jpg,
C65BF5BD-DB62-428B-BC58-C424A11A384D,images/C65BF5BD-DB62-428B-BC58-C424A11A384D.jpg,
C67F3778-BF51-4047-97FD-D1E7F6D77317,images/C67F3778-BF51-4047-97FD-D1E7F6D77317.jpg,
C79AC751-635B-48DD-B1C3-9E586EF6AB59,images/C79AC751-635B-48DD-B1C3-9E586EF6AB59.jpg,
C7BE80DD-C8EF-487A-839A-7B524738D309,images/C7BE80DD-C8EF-487A-839A-7B524738D309.jpg,
C7D0CF5B-6AB4-4EE9-BBDB-1F2F653377D7,images/C7D0CF5B-6AB4-4EE9-BBDB-1F2F653377D7.jpg,
C7E358F1-FF71-430F-A6CD-9606D3AFA514,images/C7E358F1-FF71-430F-A6CD-9606D3AFA514.jpg,
C7FF2AF9-1B84-4CC3-8C94-A70D1506BBB4,images/C7FF2AF9-1B84-4CC3-8C94-A70D1506BBB4.jpg,
C8206547-A81F-4C22-BBD1-22EC2C41C410,images/C8206547-A81F-4C22-BBD1-22EC2C41C410.jpg,
C8A04C00-BD95-4B05-8565-B2D378CD558D,images/C8A04C00-BD95-4B05-8565-B2D378CD558D.jpg,
C902ABC5-1C11-4045-9A73-EF315A75F79C,images/C902ABC5-1C11-4045-9A73-EF315A75F79C.jpg,
C9213916-7FD4-4C55-A1CA-2CE295A01837,images/C9213916-7FD4-4C55-A1CA-2CE295A01837.jpg,
C9CEE362-8F42-4013-A2F3-B4F279240F96,images/C9CEE362-8F42-4013-A2F3-B4F279240F96.jpg,
C9FB896D-84B3-48AC-89F6-52A784B44BEE,images/C9FB896D-84B3-48AC-89F6-52A784B44BEE.jpg,
CAE9380E-B3B1-4904-8AB0-73BD22ED455C,images/CAE9380E-B3B1-4904-8AB0-73BD22ED455C.jpg,
CB3C1669-2F66-4939-9F67-7077A7CF2DD3,images/CB3C1669-2F66-4939-9F67-7077A7CF2DD3.jpg,
CB96E976-B91C-4A50-B6BF-BB188D978F07,images/CB96E976-B91C-4A50-B6BF-BB188D978F07.jpg,
CB9BC460-797D-4C71-BF9F-45FFEAF5BB7D,images/CB9BC460-797D-4C71-BF9F-45FFEAF5BB7D.jpg,
CBC74D7B-6136-4CBA-BAC7-B467E64D347D,images/CBC74D7B-6136-4CBA-BAC7-B467E64D347D.jpg,
CBC9B988-BB5A-4B16-98DF-B6F6E2B02939,images/CBC9B988-BB5A-4B16-98DF-B6F6E2B02939.jpg,
CC12BA80-A890-4C6C-BFBC-706BB2613C27,images/CC12BA80-A890-4C6C-BFBC-706BB2613C27.jpg,
CC964C3A-6B8B-4E52-840D-C1C8C5CF7302,images/CC964C3A-6B8B-4E52-840D-C1C8C5CF7302.jpg,
CCD6F307-1FCB-4113-B691-88BC552C9829,images/CCD6F307-1FCB-4113-B691-88BC552C9829.jpg,
CCE0570A-657F-4111-90F0-2EEF621D78E2,images/CCE0570A-657F-4111-90F0-2EEF621D78E2.jpg,
CD823164-8F28-495B-9C55-F851DAEB85B7,images/CD823164-8F28-495B-9C55-F851DAEB85B7.jpg,
CD84AA1F-5117-4303-A901-5E32C9A7D761,images/CD84AA1F-5117-4303-A901-5E32C9A7D761.jpg,
CD9B45F9-5979-4069-961C-AEF2F57D0360,images/CD9B45F9-5979-4069-961C-AEF2F57D0360.jpg,
CDA8B2AA-4704-4B58-A64E-B325A466AFEE,images/CDA8B2AA-4704-4B58-A64E-B325A466AFEE.jpg,
CE27D9C0-F46F-4670-B766-73DDF7A4FD96,images/CE27D9C0-F46F-4670-B766-73DDF7A4FD96.jpg,
CE4EBE9F-B01D-455D-9D7C-43313A3B5FE8,images/CE4EBE9F-B01D-455D-9D7C-43313A3B5FE8.jpg,
CE73730B-7273-4A98-B745-6875B18F0F32,images/CE73730B-7273-4A98-B745-6875B18F0F32.jpg,
CE8DB1F1-E2F6-4D8F-96D9-3CF3DB46764E,images/CE8DB1F1-E2F6-4D8F-96D9-3CF3DB46764E.jpg,
CF2D858C-05C4-41D4-B0C7-0C7659396C3C,images/CF2D858C-05C4-41D4-B0C7-0C7659396C3C.jpg,
CF5F7A83-3F78-405B-9802-85737F331491,images/CF5F7A83-3F78-405B-9802-85737F331491.jpg,
CF660968-8F23-466D-B49A-C8C1898BA203,images/CF660968-8F23-466D-B49A-C8C1898BA203.jpg,
CF7ED2D9-EE7F-4CFA-B5ED-6622745651FC,images/CF7ED2D9-EE7F-4CFA-B5ED-6622745651FC.jpg,
CF8DDD4F-C835-40A2-86AD-DB61B636A818,images/CF8DDD4F-C835-40A2-86AD-DB61B636A818.jpg,
CF94DD32-3886-42A8-B4C3-77F51759BA74,images/CF94DD32-3886-42A8-B4C3-77F51759BA74.jpg,
D0982377-B0AA-4024-B643-EEA92E295D50,images/D0982377-B0AA-4024-B643-EEA92E295D50.jpg,
D0B89A5A-BC2D-46A4-BE0C-84DE1979C7C8,images/D0B89A5A-BC2D-46A4-BE0C-84DE1979C7C8.jpg,
D0C2D4C7-7D8C-4921-9E79-F173FB1AF9ED,images/D0C2D4C7-7D8C-4921-9E79-F173FB1AF9ED.jpg,
D0EFF9CA-0521-491A-A2C7-8C93E3936830,images/D0EFF9CA-0521-491A-A2C7-8C93E3936830.jpg,
D16C250E-0FED-4C9E-A16C-3D3ED2F41D7A,images/D16C250E-0FED-4C9E-A16C-3D3ED2F41D7A.jpg,
D1C886C7-ADEC-4043-90EE-03019EBAD9C4,images/D1C886C7-ADEC-4043-90EE-03019EBAD9C4.jpg,
D2D10171-43D7-472E-8DA6-26B55049E92C,images/D2D10171-43D7-472E-8DA6-26B55049E92C.jpg,
D2F0F2D7-4041-472D-94B2-2BA6A7CE1B03,images/D2F0F2D7-4041-472D-94B2-2BA6A7CE1B03.jpg,
D2F0FF09-FBF4-4A56-BEE9-5DBBE725226E,images/D2F0FF09-FBF4-4A56-BEE9-5DBBE725226E.jpg,
D2FD4AAD-7950-4F97-816C-4AC23A2CEE2C,images/D2FD4AAD-7950-4F97-816C-4AC23A2CEE2C.jpg,
D2FDDBDB-F983-418F-BA15-A21A95331678,images/D2FDDBDB-F983-418F-BA15-A21A95331678.jpg,
D2FF4003-B334-4121-900D-AB7276C3334C,images/D2FF4003-B334-4121-900D-AB7276C3334C.jpg,
D31235DC-B012-4F9C-936C-20802572BD6C,images/D31235DC-B012-4F9C-936C-20802572BD6C.jpg,
D36AD3B7-8D73-4369-B794-1D7822C0F0ED,images/D36AD3B7-8D73-4369-B794-1D7822C0F0ED.jpg,
D39130F1-B006-40BE-9A3D-E0D784CBC0E7,images/D39130F1-B006-40BE-9A3D-E0D784CBC0E7.jpg,
D3B18941-D031-45E7-AFB8-C79005E35A1E,images/D3B18941-D031-45E7-AFB8-C79005E35A1E.jpg,
D3F8D08A-174F-4532-BD04-CA2E63E81996,images/D3F8D08A-174F-4532-BD04-CA2E63E81996.jpg,
D40D7911-977F-4782-ACD1-E21CC7DC33E5,images/D40D7911-977F-4782-ACD1-E21CC7DC33E5.jpg,
D40DCE5A-2862-4C90-BD44-90EF913D9ED8,images/D40DCE5A-2862-4C90-BD44-90EF913D9ED8.jpg,
D431F471-97C5-4D08-8AF5-6ACFBE7744AB,images/D431F471-97C5-4D08-8AF5-6ACFBE7744AB.jpg,
D4624324-DE1F-4982-A98F-3BFFCAD82CD7,images/D4624324-DE1F-4982-A98F-3BFFCAD82CD7.jpg,
D4B05FBB-EA24-4A00-B875-5FE856132C97,images/D4B05FBB-EA24-4A00-B875-5FE856132C97.jpg,
D4E5EAB3-F2AD-458B-9740-5351F70292F9,images/D4E5EAB3-F2AD-458B-9740-5351F70292F9.jpg,
D55E20D9-7334-443C-9D78-88CEB61411A6,images/D55E20D9-7334-443C-9D78-88CEB61411A6.jpg,
D58D7006-5984-4F19-86F8-629694E046C3,images/D58D7006-5984-4F19-86F8-629694E046C3.jpg,
D59A345B-B3C5-49DC-BE31-3F930E95C61F,images/D59A345B-B3C5-49DC-BE31-3F930E95C61F.jpg,
D59D2EF2-65C2-47EF-8E39-55F9DE51177A,images/D59D2EF2-65C2-47EF-8E39-55F9DE51177A.jpg,
D5A325E7-F68B-477A-B5BD-88F2397DA26C,images/D5A325E7-F68B-477A-B5BD-88F2397DA26C.jpg,
D5B1479E-62E7-462C-91D9-AE12DF2D945B,images/D5B1479E-62E7-462C-91D9-AE12DF2D945B.jpg,
D5B7B6F0-DA9C-43B9-B3D1-7953CD56FA4F,images/D5B7B6F0-DA9C-43B9-B3D1-7953CD56FA4F.jpg,
D6025A00-CFE4-4C9D-8351-F2A2F2E76931,images/D6025A00-CFE4-4C9D-8351-F2A2F2E76931.jpg,
D67D0BAC-7E89-485B-8442-F76F66F1AF6D,images/D67D0BAC-7E89-485B-8442-F76F66F1AF6D.jpg,
D6FCFA1D-266F-401F-BD43-BB3AD919DA2B,images/D6FCFA1D-266F-401F-BD43-BB3AD919DA2B.jpg,
D791E8E9-728E-48FB-A976-665C42B1C026,images/D791E8E9-728E-48FB-A976-665C42B1C026.jpg,
D7FC5E62-E859-4A4A-834B-F8E9635D1595,images/D7FC5E62-E859-4A4A-834B-F8E9635D1595.jpg,
D7FD6C3A-277A-4FD6-91B3-DFEB55E5ED44,images/D7FD6C3A-277A-4FD6-91B3-DFEB55E5ED44.jpg,
D807066C-F51A-4596-AF39-D97C614FB57E,images/D807066C-F51A-4596-AF39-D97C614FB57E.jpg,
D8359F97-A479-414C-8676-305F70B45623,images/D8359F97-A479-414C-8676-305F70B45623.jpg,
D835A34B-CBE5-4EFA-ABAC-5D4937779FEB,images/D835A34B-CBE5-4EFA-ABAC-5D4937779FEB.jpg,
D8391947-FBA1-43D8-B6B9-B41FAF6C7BBE,images/D8391947-FBA1-43D8-B6B9-B41FAF6C7BBE.jpg,
D851787D-1D39-4BCF-9E43-9226C89E6186,images/D851787D-1D39-4BCF-9E43-9226C89E6186.jpg,
D89ADDB3-DCC6-4E1E-B9A3-6A37A9F87BCF,images/D89ADDB3-DCC6-4E1E-B9A3-6A37A9F87BCF.jpg,
D8FF563C-84A5-4E32-A955-8915865C5466,images/D8FF563C-84A5-4E32-A955-8915865C5466.jpg,
D9574B3F-36FC-49CD-8EE7-BF03425421CA,images/D9574B3F-36FC-49CD-8EE7-BF03425421CA.jpg,
D9758F9B-8927-4145-95CF-6C543B58C24F,images/D9758F9B-8927-4145-95CF-6C543B58C24F.jpg,
D98E6710-8AFE-4231-9EEC-468D760A156F,images/D98E6710-8AFE-4231-9EEC-468D760A156F.jpg,
D99B36FE-E360-49B8-AE35-6C2B34708717,images/D99B36FE-E360-49B8-AE35-6C2B34708717.jpg,
DA8420FE-A3A0-4F58-8730-4947BD12FD94,images/DA8420FE-A3A0-4F58-8730-4947BD12FD94.jpg,
DB42D061-152A-4355-9C3B-8AC77400BC2B,images/DB42D061-152A-4355-9C3B-8AC77400BC2B.jpg,
DB9612EC-FA9F-4607-9FFE-8592E10237F7,images/DB9612EC-FA9F-4607-9FFE-8592E10237F7.jpg,
DBEC6BC1-DA72-45F9-8BC6-37B11EC47AE3,images/DBEC6BC1-DA72-45F9-8BC6-37B11EC47AE3.jpg,
DC151FD0-0ECC-4F0F-9DCA-BEC426955DAE,images/DC151FD0-0ECC-4F0F-9DCA-BEC426955DAE.jpg,
DC29970E-E799-455C-AB85-FFE0A1BB40BD,images/DC29970E-E799-455C-AB85-FFE0A1BB40BD.jpg,
DC62C36B-2DDF-4DFA-9F94-6A1EADF568E8,images/DC62C36B-2DDF-4DFA-9F94-6A1EADF568E8.jpg,
DC7C7D20-E582-4048-A346-CE6CC08925D6,images/DC7C7D20-E582-4048-A346-CE6CC08925D6.jpg,
DC8CBC49-540C-48A9-99C0-F3EEF59EFFF5,images/DC8CBC49-540C-48A9-99C0-F3EEF59EFFF5.jpg,
DCA67DE3-95C4-497F-9D87-26466B0ED601,images/DCA67DE3-95C4-497F-9D87-26466B0ED601.jpg,
DCEC94C8-4360-43A3-A044-F0425DB464F9,images/DCEC94C8-4360-43A3-A044-F0425DB464F9.jpg,
DD2FC4B1-15B8-44E4-B986-B6661BA29EDD,images/DD2FC4B1-15B8-44E4-B986-B6661BA29EDD.jpg,
DD55712F-D4DE-4DCD-8CFF-2739328E8721,images/DD55712F-D4DE-4DCD-8CFF-2739328E8721.jpg,
DD6C8099-10EC-4331-8D19-951D5EE453EF,images/DD6C8099-10EC-4331-8D19-951D5EE453EF.jpg,
DDB5CA17-0259-4166-AEB2-30E97EE489AA,images/DDB5CA17-0259-4166-AEB2-30E97EE489AA.jpg,
DE7AB2CD-BF1B-49E6-BEE7-8ACD248CFED3,images/DE7AB2CD-BF1B-49E6-BEE7-8ACD248CFED3.jpg,
DEAEB1A9-6416-4ED3-8DAF-B5C83C2F2012,images/DEAEB1A9-6416-4ED3-8DAF-B5C83C2F2012.jpg,
DF4E5B19-201A-4A31-95A5-E991730DEA85,images/DF4E5B19-201A-4A31-95A5-E991730DEA85.jpg,
DF57CBE9-F56C-410E-8D7C-5F0CB568BE6A,images/DF57CBE9-F56C-410E-8D7C-5F0CB568BE6A.jpg,
E0341861-8097-4E3A-952E-0050E96AB4D5,images/E0341861-8097-4E3A-952E-0050E96AB4D5.jpg,
E03691C8-9610-446E-BE99-4BA8A9E8CAB6,images/E03691C8-9610-446E-BE99-4BA8A9E8CAB6.jpg,
E11A5E40-7E77-4E1F-AEFA-D24F5224FB9D,images/E11A5E40-7E77-4E1F-AEFA-D24F5224FB9D.jpg,
E22028FB-3936-41F1-A1C8-338180165F23,images/E22028FB-3936-41F1-A1C8-338180165F23.jpg,
E2335088-F4A4-4577-A026-7FF3ED49D965,images/E2335088-F4A4-4577-A026-7FF3ED49D965.jpg,
E239EC5A-2928-4934-AC6C-5DDA7B89F02D,images/E239EC5A-2928-4934-AC6C-5DDA7B89F02D.jpg,
E24B071B-9899-4869-AEC0-18F074D7F213,images/E24B071B-9899-4869-AEC0-18F074D7F213.jpg,
E2F07E76-A229-428C-AAE7-BBD775049F3F,images/E2F07E76-A229-428C-AAE7-BBD775049F3F.jpg,
E3266D81-DCAB-461D-BEBD-91ED045084EC,images/E3266D81-DCAB-461D-BEBD-91ED045084EC.jpg,
E333CA35-86F7-462D-9639-81F1E122098E,images/E333CA35-86F7-462D-9639-81F1E122098E.jpg,
E362EE1F-11BB-43C3-8C6E-F25D64417A2E,images/E362EE1F-11BB-43C3-8C6E-F25D64417A2E.jpg,
E3713A53-E3CC-4B22-89B0-321DD71E8A8B,images/E3713A53-E3CC-4B22-89B0-321DD71E8A8B.jpg,
E376E227-2BBB-46DE-AE63-E1F12D17EF62,images/E376E227-2BBB-46DE-AE63-E1F12D17EF62.jpg,
E37E2FCA-D6D1-4909-A67E-A5A180653DC7,images/E37E2FCA-D6D1-4909-A67E-A5A180653DC7.jpg,
E3CA35A7-16B4-4775-A022-4A6732266C3E,images/E3CA35A7-16B4-4775-A022-4A6732266C3E.jpg,
E3DE14DD-9882-49B2-B2DC-93B7AB9BDA37,images/E3DE14DD-9882-49B2-B2DC-93B7AB9BDA37.jpg,
E3E18D4A-AA3F-4FC5-BE2D-B138F7AC7BC6,images/E3E18D4A-AA3F-4FC5-BE2D-B138F7AC7BC6.jpg,
E3F6CD31-91CA-471D-91D4-83C7C3C46B8D,images/E3F6CD31-91CA-471D-91D4-83C7C3C46B8D.jpg,
E43032D6-CF8A-4132-9234-FC8077DE2FF5,images/E43032D6-CF8A-4132-9234-FC8077DE2FF5.jpg,
E44745B6-8074-4F49-B0C2-2B9F36E88938,images/E44745B6-8074-4F49-B0C2-2B9F36E88938.jpg,
E46113DD-BDAB-48D1-862E-541371ED9166,images/E46113DD-BDAB-48D1-862E-541371ED9166.jpg,
E5541139-CDF6-401D-82A2-3E883F12FB5D,images/E5541139-CDF6-401D-82A2-3E883F12FB5D.jpg,
E597F427-A527-4931-84B1-3BB4DA3243C4,images/E597F427-A527-4931-84B1-3BB4DA3243C4.jpg,
E599C573-10A2-4F6C-A4BB-E8F79B455B7D,images/E599C573-10A2-4F6C-A4BB-E8F79B455B7D.jpg,
E5F1FA5A-1596-444C-883E-9219A0405C14,images/E5F1FA5A-1596-444C-883E-9219A0405C14.jpg,
E5FCFC1E-EDDB-428E-88D6-1758BA2B868B,images/E5FCFC1E-EDDB-428E-88D6-1758BA2B868B.jpg,
E6766685-DB5F-4F3D-BDE1-9C58B7722CD5,images/E6766685-DB5F-4F3D-BDE1-9C58B7722CD5.jpg,
E6782794-5074-46E1-8ADD-4F9572F7AFB0,images/E6782794-5074-46E1-8ADD-4F9572F7AFB0.jpg,
E687A280-BD86-4DF9-920A-67675AF7DFAE,images/E687A280-BD86-4DF9-920A-67675AF7DFAE.jpg,
E6895ACD-4841-4418-8A3F-1E4CE194AD61,images/E6895ACD-4841-4418-8A3F-1E4CE194AD61.jpg,
E6B892C4-CB40-4B19-8F7B-7036DF062D9F,images/E6B892C4-CB40-4B19-8F7B-7036DF062D9F.jpg,
E6BEAAEC-2516-46C2-BA9D-F11FA5BCE444,images/E6BEAAEC-2516-46C2-BA9D-F11FA5BCE444.jpg,
E7C5DC6C-A58A-4A05-BDE3-79AF2613B944,images/E7C5DC6C-A58A-4A05-BDE3-79AF2613B944.jpg,
E87239C0-7A98-4FC2-B189-F1363FA0A847,images/E87239C0-7A98-4FC2-B189-F1363FA0A847.jpg,
E8831E04-3266-4769-8C30-B7227CF9D510,images/E8831E04-3266-4769-8C30-B7227CF9D510.jpg,
E89F3777-17CF-44BF-AB34-5A5B8B405EE8,images/E89F3777-17CF-44BF-AB34-5A5B8B405EE8.jpg,
E94375DF-791D-49A7-AB33-040E507218B6,images/E94375DF-791D-49A7-AB33-040E507218B6.jpg,
E945BE61-CA7D-477F-BD3F-E8D71EFF213B,images/E945BE61-CA7D-477F-BD3F-E8D71EFF213B.jpg,
E9514A3F-580F-4CE6-871D-6561C5B5F283,images/E9514A3F-580F-4CE6-871D-6561C5B5F283.jpg,
E985F4E3-6112-4B93-8AB0-AECD341706E9,images/E985F4E3-6112-4B93-8AB0-AECD341706E9.jpg,
E99C8903-79AB-4D19-AA24-FC4F8D400955,images/E99C8903-79AB-4D19-AA24-FC4F8D400955.jpg,
E9C98CBF-47C3-4306-8B36-090B8F26E365,images/E9C98CBF-47C3-4306-8B36-090B8F26E365.jpg,
E9DCCD85-4F0D-4664-8D0E-79BDBF1DA36A,images/E9DCCD85-4F0D-4664-8D0E-79BDBF1DA36A.jpg,
EA6E7C67-D8F2-4DAD-8841-0D1A9850A095,images/EA6E7C67-D8F2-4DAD-8841-0D1A9850A095.jpg,
EA7A5F96-4E98-4623-A95E-240478A88204,images/EA7A5F96-4E98-4623-A95E-240478A88204.jpg,
EA89D2BF-4A4A-4598-B086-BBE7E6550A3B,images/EA89D2BF-4A4A-4598-B086-BBE7E6550A3B.jpg,
EAC9634E-3009-4361-A84E-C96EBB7536AA,images/EAC9634E-3009-4361-A84E-C96EBB7536AA.jpg,
EB1AB37F-4F4D-47C4-8607-90243EAA96BB,images/EB1AB37F-4F4D-47C4-8607-90243EAA96BB.jpg,
EB559A0A-47BD-42F6-9ED5-0BE611BC20C8,images/EB559A0A-47BD-42F6-9ED5-0BE611BC20C8.jpg,
EB952A79-6498-4067-8D63-3A2C9FA13E95,images/EB952A79-6498-4067-8D63-3A2C9FA13E95.jpg,
EBA84944-D456-458E-97E5-D03F20BD338D,images/EBA84944-D456-458E-97E5-D03F20BD338D.jpg,
EBC124BC-33E3-4233-8A26-B218CC6B13ED,images/EBC124BC-33E3-4233-8A26-B218CC6B13ED.jpg,
EBE4EC99-D438-4019-83ED-E9639957DC97,images/EBE4EC99-D438-4019-83ED-E9639957DC97.jpg,
EC171D4B-C928-425B-9769-3527CE1108B0,images/EC171D4B-C928-425B-9769-3527CE1108B0.jpg,
EC85FA78-59ED-497E-A060-5BA488481299,images/EC85FA78-59ED-497E-A060-5BA488481299.jpg,
EC96C3B9-21F9-4D51-AB4B-D93DE30BAAE7,images/EC96C3B9-21F9-4D51-AB4B-D93DE30BAAE7.jpg,
ECAB1256-AD41-46CF-9C24-F79E027B3794,images/ECAB1256-AD41-46CF-9C24-F79E027B3794.jpg,
ECE638BD-88F7-41A6-A230-DBEBFC9AA448,images/ECE638BD-88F7-41A6-A230-DBEBFC9AA448.jpg,
ED0FB5A5-C32B-40D5-8A68-61BBBC7837A8,images/ED0FB5A5-C32B-40D5-8A68-61BBBC7837A8.jpg,
ED29ED4C-647A-4D07-A508-0C92B1A7B1D8,images/ED29ED4C-647A-4D07-A508-0C92B1A7B1D8.jpg,
ED402C9D-4633-4DDE-9FAA-E9B08CC59017,images/ED402C9D-4633-4DDE-9FAA-E9B08CC59017.jpg,
EDA8405E-BB2D-4E89-B397-81C12154B3B6,images/EDA8405E-BB2D-4E89-B397-81C12154B3B6.jpg,
EE06B06C-F540-4DEA-8924-78CE00C90A12,images/EE06B06C-F540-4DEA-8924-78CE00C90A12.jpg,
EEE6412B-040B-4AE8-AB28-063D11626A63,images/EEE6412B-040B-4AE8-AB28-063D11626A63.jpg,
EF00DB84-44D8-4BCB-AE17-3FF2EFDE3DFF,images/EF00DB84-44D8-4BCB-AE17-3FF2EFDE3DFF.jpg,
EF9B1AF6-7270-489B-B6D2-17D9133C61F5,images/EF9B1AF6-7270-489B-B6D2-17D9133C61F5.jpg,
EFB6AD11-DBFA-4D2B-8028-120D28D11D28,images/EFB6AD11-DBFA-4D2B-8028-120D28D11D28.jpg,
EFD1FED3-A7BE-4676-88A0-04E6188A0D89,images/EFD1FED3-A7BE-4676-88A0-04E6188A0D89.jpg,
F002D0FC-C85D-4E26-8702-0DE4D0EE08A1,images/F002D0FC-C85D-4E26-8702-0DE4D0EE08A1.jpg,
F03712FB-A655-445A-BEB5-405DBF14BFBF,images/F03712FB-A655-445A-BEB5-405DBF14BFBF.jpg,
F063A8DD-EDA2-4FDC-96B5-721EDC92F863,images/F063A8DD-EDA2-4FDC-96B5-721EDC92F863.jpg,
F0E5150D-0A4E-4717-8453-BBCB87AEE5CE,images/F0E5150D-0A4E-4717-8453-BBCB87AEE5CE.jpg,
F0FA4C60-7140-4C4C-9882-BEAF44F7EECC,images/F0FA4C60-7140-4C4C-9882-BEAF44F7EECC.jpg,
F1091552-7049-41B3-A3AB-835305C75670,images/F1091552-7049-41B3-A3AB-835305C75670.jpg,
F129B3D5-E322-4804-96EB-976C107690C2,images/F129B3D5-E322-4804-96EB-976C107690C2.jpg,
F12B74B1-96F1-41ED-A1B1-4B2FDBB120FC,images/F12B74B1-96F1-41ED-A1B1-4B2FDBB120FC.jpg,
F16C330D-3BA5-4B47-8814-70C4E0AF025C,images/F16C330D-3BA5-4B47-8814-70C4E0AF025C.jpg,
F2A25096-0C65-49CE-A6AF-7E0260FF225D,images/F2A25096-0C65-49CE-A6AF-7E0260FF225D.jpg,
F2A46389-C675-4040-9340-B8F8D5698283,images/F2A46389-C675-4040-9340-B8F8D5698283.jpg,
F2E27CB1-D68F-4994-850F-072DB6A48F50,images/F2E27CB1-D68F-4994-850F-072DB6A48F50.jpg,
F321169E-9086-49D1-8A71-D5066550FD7D,images/F321169E-9086-49D1-8A71-D5066550FD7D.jpg,
F33E622C-39EA-47F0-9954-EBDEEC0DF98E,images/F33E622C-39EA-47F0-9954-EBDEEC0DF98E.jpg,
F341DC02-6BC6-4B42-89B1-633B3F0654F4,images/F341DC02-6BC6-4B42-89B1-633B3F0654F4.jpg,
F352C1D1-843A-41CD-96AF-C3F3A76E6978,images/F352C1D1-843A-41CD-96AF-C3F3A76E6978.jpg,
F3ABE276-57E9-4D8A-9BD4-11D04FBC9420,images/F3ABE276-57E9-4D8A-9BD4-11D04FBC9420.jpg,
F3F9D066-3DEA-4BA1-9F37-1CD38CEC52BB,images/F3F9D066-3DEA-4BA1-9F37-1CD38CEC52BB.jpg,
F4050735-C7D0-42FA-B043-38F22EEA1A0B,images/F4050735-C7D0-42FA-B043-38F22EEA1A0B.jpg,
F43D7377-08BA-4A1A-A1F2-9017B28DA80F,images/F43D7377-08BA-4A1A-A1F2-9017B28DA80F.jpg,
F4461CDA-8202-46C0-998D-15FBF5AA21D4,images/F4461CDA-8202-46C0-998D-15FBF5AA21D4.jpg,
F46F4678-0C3B-4E6B-A4A4-F0088AE0754D,images/F46F4678-0C3B-4E6B-A4A4-F0088AE0754D.jpg,
F4867A9F-0722-4788-86DD-72FB3CA72691,images/F4867A9F-0722-4788-86DD-72FB3CA72691.jpg,
F4FB9ED7-1DE7-41EF-91B5-AB7CB3C1D679,images/F4FB9ED7-1DE7-41EF-91B5-AB7CB3C1D679.jpg,
F5A0F153-BF32-4F8D-800D-E078941AC7BE,images/F5A0F153-BF32-4F8D-800D-E078941AC7BE.jpg,
F5DC3A8E-AB6A-43C7-9FE0-DBB924F98869,images/F5DC3A8E-AB6A-43C7-9FE0-DBB924F98869.jpg,
F5F2321B-2683-4830-82B3-573A21AF80B4,images/F5F2321B-2683-4830-82B3-573A21AF80B4.jpg,
F5F39D7F-D21C-469C-BF38-CBF984938619,images/F5F39D7F-D21C-469C-BF38-CBF984938619.jpg,
F60D4DEC-4682-4F44-9B67-D534FC1A100A,images/F60D4DEC-4682-4F44-9B67-D534FC1A100A.jpg,
F6449183-EB5C-4DDB-88A2-AAC400E47632,images/F6449183-EB5C-4DDB-88A2-AAC400E47632.jpg,
F67F0BA6-9A9B-48AC-8FD6-DA8334AC6C62,images/F67F0BA6-9A9B-48AC-8FD6-DA8334AC6C62.jpg,
F71CFA17-B878-4E4B-A643-D444B41E0285,images/F71CFA17-B878-4E4B-A643-D444B41E0285.jpg,
F720E196-98FC-4824-9AC1-91574A7609BD,images/F720E196-98FC-4824-9AC1-91574A7609BD.jpg,
F74829C3-6922-449C-A006-C6E7DEBF3FF8,images/F74829C3-6922-449C-A006-C6E7DEBF3FF8.jpg,
F7A39CCB-EC1B-4D92-9FBD-749FFEEBD8B2,images/F7A39CCB-EC1B-4D92-9FBD-749FFEEBD8B2.jpg,
F7B253FC-9868-4247-BA00-BBE49ED15454,images/F7B253FC-9868-4247-BA00-BBE49ED15454.jpg,
F7C0AB6C-4E51-47B8-90C1-5331DE7DA4A0,images/F7C0AB6C-4E51-47B8-90C1-5331DE7DA4A0.jpg,
F7EB46BC-BAC1-4B95-9E65-FB419B2736A6,images/F7EB46BC-BAC1-4B95-9E65-FB419B2736A6.jpg,
F7F3D35F-52E2-4D01-B6FA-6E1EFE78DDAE,images/F7F3D35F-52E2-4D01-B6FA-6E1EFE78DDAE.jpg,
F804A1B4-8B3E-4BE4-9206-909F3AACABD3,images/F804A1B4-8B3E-4BE4-9206-909F3AACABD3.jpg,
F8341A99-91C6-46E8-9D46-D34D8ADDC094,images/F8341A99-91C6-46E8-9D46-D34D8ADDC094.jpg,
F8734173-FBC4-41C4-9D8C-F4E9003FB0FE,images/F8734173-FBC4-41C4-9D8C-F4E9003FB0FE.jpg,
F8AC9C39-EC8C-4389-8C95-914D0F8CBBA9,images/F8AC9C39-EC8C-4389-8C95-914D0F8CBBA9.jpg,
F8B8824F-030A-4F28-9E26-54DEC39D1E4B,images/F8B8824F-030A-4F28-9E26-54DEC39D1E4B.jpg,
F8F28961-8CB3-4B45-9742-2114F12E5F8B,images/F8F28961-8CB3-4B45-9742-2114F12E5F8B.jpg,
F91B356D-D930-4901-AE4A-D3337858FA06,images/F91B356D-D930-4901-AE4A-D3337858FA06.jpg,
FA3B179A-55ED-48D1-B78B-8AB3EDB40A36,images/FA3B179A-55ED-48D1-B78B-8AB3EDB40A36.jpg,
FAC239E1-272E-4DBB-B23C-4D3363903CB2,images/FAC239E1-272E-4DBB-B23C-4D3363903CB2.jpg,
FB0F5CE4-B315-479B-AFA5-F8BF97A6F902,images/FB0F5CE4-B315-479B-AFA5-F8BF97A6F902.jpg,
FB36E49E-05C0-44B6-BA97-E6736F0817F2,images/FB36E49E-05C0-44B6-BA97-E6736F0817F2.jpg,
FB545461-005B-481D-85B3-C641DC16B3E6,images/FB545461-005B-481D-85B3-C641DC16B3E6.jpg,
FBFBBE3D-CA75-4F02-BD5A-B540E31FFB2F,images/FBFBBE3D-CA75-4F02-BD5A-B540E31FFB2F.jpg,
FC004A9F-7B8F-4FD0-BBA3-1BCC2E263AF9,images/FC004A9F-7B8F-4FD0-BBA3-1BCC2E263AF9.jpg,
FC08DF7A-6025-4B4C-B1C8-0D40E2ED4447,images/FC08DF7A-6025-4B4C-B1C8-0D40E2ED4447.jpg,
FC29C87A-9930-44B6-8EC4-8B6361AE458D,images/FC29C87A-9930-44B6-8EC4-8B6361AE458D.jpg,
FC2E84BB-47B3-44B8-9EE8-F48D5A891696,images/FC2E84BB-47B3-44B8-9EE8-F48D5A891696.jpg,
FC45974B-2899-4EF0-AE6F-65013DC22B5A,images/FC45974B-2899-4EF0-AE6F-65013DC22B5A.jpg,
FC8E14E1-E4A9-4B68-A0ED-98F9AC9CFDF6,images/FC8E14E1-E4A9-4B68-A0ED-98F9AC9CFDF6.jpg,
FCE30AFA-9BF8-448F-89D2-5083CD0D47A7,images/FCE30AFA-9BF8-448F-89D2-5083CD0D47A7.jpg,
FD1169A4-7926-4D7A-9D5D-6E015E81DE41,images/FD1169A4-7926-4D7A-9D5D-6E015E81DE41.jpg,
FD547F29-A20C-4F4C-8A6F-705106F296A6,images/FD547F29-A20C-4F4C-8A6F-705106F296A6.jpg,
FD86114B-4816-418D-BBCA-589BF918450A,images/FD86114B-4816-418D-BBCA-589BF918450A.jpg,
FDC8FA2C-9DF5-48A5-9C04-9B6B46DDB184,images/FDC8FA2C-9DF5-48A5-9C04-9B6B46DDB184.jpg,
FDD94A85-AB38-4E19-B943-A209389BD70D,images/FDD94A85-AB38-4E19-B943-A209389BD70D.jpg,
FDE72DE8-D695-4F23-A707-3FA7011BDD5D,images/FDE72DE8-D695-4F23-A707-3FA7011BDD5D.jpg,
FDF9D09C-0F32-44C9-87AB-C262877D45B1,images/FDF9D09C-0F32-44C9-87AB-C262877D45B1.jpg,
FE62E21E-D927-4358-87F7-E6E4FEE490D4,images/FE62E21E-D927-4358-87F7-E6E4FEE490D4.jpg,
FE70CB99-BB04-4129-885D-49AD19BADE7E,images/FE70CB99-BB04-4129-885D-49AD19BADE7E.jpg,
FE74C8E0-F777-4524-B1DB-9472B1075FDE,images/FE74C8E0-F777-4524-B1DB-9472B1075FDE.jpg,
FE7D2347-EB6B-4932-88F7-DC4BC1210C2F,images/FE7D2347-EB6B-4932-88F7-DC4BC1210C2F.jpg,
FF1074DB-EAFA-4C73-A499-0CE4D9CB7BEE,images/FF1074DB-EAFA-4C73-A499-0CE4D9CB7BEE.jpg,
FF88D322-7373-4320-B531-6AED42EE25D4,images/FF88D322-7373-4320-B531-6AED42EE25D4.jpg,
FFE84B43-6278-4713-A273-DE941EE5F939,images/FFE84B43-6278-4713-A273-DE941EE5F939.jpg,
FFF440C0-1BA1-435B-9C4C-5E268C48A778,images/FFF440C0-1BA1-435B-9C4C-5E268C48A778.jpg,
